time,elapsed_s,rpm,map_kpa,boost_cmd_kpa,boost_act_kpa,load_pct,timing_deg,stft_pct,lambda_cmd,lambda,o2s1_ma,rail_kpa,pedal_pct,throttle_pct,speed_kph,coolant_c,iat_c,ltft_pct,volts,baro_kpa,ambient_c,fuel_pct,cat_temp_c,o2s2_v,o2s2_trim_pct,lt_o2s2_trim_pct,abs_load_pct,run_time_s
2026-09-25T20:33:36.832,0.128,801.25,29,,98.062,18.431,-1.0,3.906,1.001,0.996,-0.031,3670,14.51,12.157,0,80,,,,,,,,,,,,
2026-09-25T20:33:36.962,0.258,798.75,29,,98.062,18.431,-2.0,3.906,1.001,0.995,-0.031,3640,14.51,12.157,0,,44,,,,,,,,,,,
2026-09-25T20:33:37.092,0.388,796.5,30,,98.062,18.431,-2.0,3.125,1.001,0.993,-0.039,3630,14.51,12.157,0,,,6.25,,,,,,,,,,
2026-09-25T20:33:37.222,0.519,798.5,30,,98.094,18.431,-1.5,3.125,1.001,0.993,-0.039,3620,14.51,12.157,0,,,,14.042,,,,,,,,,
2026-09-25T20:33:37.361,0.657,798.0,30,,98.125,18.431,-1.5,3.125,1.001,0.993,-0.039,3610,14.51,11.765,0,,,,,98,,,,,,,,
2026-09-25T20:33:37.491,0.787,799.25,29,,98.031,18.039,0.0,3.125,1.001,0.995,-0.031,3620,14.51,12.157,0,,,,,,15,,,,,,,
2026-09-25T20:33:37.622,0.918,798.0,29,,98.094,18.039,-0.5,3.125,1.001,0.997,-0.027,3660,14.51,12.157,0,,,,,,,25.882,,,,,,
2026-09-25T20:33:37.751,1.047,801.75,29,,98.094,18.431,-1.5,3.125,1.001,0.997,-0.027,3730,14.51,12.157,0,,,,,,,,283.4,,,,,
2026-09-25T20:33:37.882,1.178,800.5,30,,98.094,18.824,-2.5,3.125,1.001,0.996,-0.031,3770,14.51,12.157,0,,,,,,,,,0.78,,,,
2026-09-25T20:33:38.012,1.308,799.75,30,,98.062,18.824,-3.0,3.125,1.001,0.994,-0.035,3780,14.51,11.765,0,,,,,,,,,,,0.0,,
2026-09-25T20:33:38.142,1.438,797.5,30,,98.031,18.431,-2.5,3.125,1.001,0.993,-0.039,3750,14.51,11.765,0,,,,,,,,,,,,19.216,
2026-09-25T20:33:38.272,1.568,796.0,30,,98.031,18.431,-0.5,3.125,1.001,0.992,-0.039,3690,14.51,11.765,0,,,,,,,,,,,,,35
2026-09-25T20:33:38.402,1.698,800.0,29,,98.031,18.039,-2.5,3.125,1.001,0.99,-0.043,3660,14.51,11.765,0,80,,,,,,,,,,,,
2026-09-25T20:33:38.531,1.827,804.0,29,,98.094,18.039,-2.0,3.125,1.001,0.989,-0.047,3640,14.51,11.765,0,,44,,,,,,,,,,,
2026-09-25T20:33:38.662,1.958,795.0,29,,98.031,18.039,-1.0,2.344,1.001,0.99,-0.047,3610,14.51,11.765,0,,,6.25,,,,,,,,,,
2026-09-25T20:33:38.791,2.087,795.5,29,,98.031,18.039,-0.5,2.344,1.001,0.988,-0.051,3600,14.51,11.765,0,,,,13.984,,,,,,,,,
2026-09-25T20:33:38.921,2.217,796.25,29,,98.062,18.039,0.0,2.344,1.001,0.988,-0.051,3590,14.51,11.765,0,,,,,98,,,,,,,,
2026-09-25T20:33:39.051,2.347,793.25,29,,98.062,17.647,-0.5,2.344,1.001,0.988,-0.051,3590,14.51,11.765,0,,,,,,15,,,,,,,
2026-09-25T20:33:39.182,2.478,796.75,29,,98.031,17.647,0.5,2.344,1.001,0.988,-0.051,3610,14.51,11.765,0,,,,,,,25.882,,,,,,
2026-09-25T20:33:39.311,2.608,797.75,30,,98.094,18.039,-1.0,2.344,1.001,0.989,-0.047,3650,14.51,11.765,0,,,,,,,,283.6,,,,,
2026-09-25T20:33:39.443,2.739,792.0,29,,98.094,18.039,1.5,2.344,1.001,0.987,-0.055,3640,14.51,11.765,0,,,,,,,,,0.805,,,,
2026-09-25T20:33:39.572,2.868,793.0,29,,98.062,18.039,1.0,2.344,1.001,0.987,-0.055,3660,14.51,11.765,0,,,,,,,,,,,0.0,,
2026-09-25T20:33:39.701,2.997,798.0,29,,98.031,18.039,-1.5,2.344,1.001,0.987,-0.051,3660,14.51,11.765,0,,,,,,,,,,,,18.824,
2026-09-25T20:33:39.832,3.128,799.25,29,,98.031,18.039,-1.0,1.562,1.001,0.986,-0.055,3690,14.51,11.765,0,,,,,,,,,,,,,37
2026-09-25T20:33:39.962,3.258,797.25,29,,98.031,18.039,-1.5,1.562,1.001,0.985,-0.059,3690,14.51,11.765,0,80,,,,,,,,,,,,
2026-09-25T20:33:40.091,3.387,794.5,29,,98.062,18.039,-0.5,1.562,1.001,0.984,-0.062,3670,14.51,11.765,0,,44,,,,,,,,,,,
2026-09-25T20:33:40.221,3.517,798.25,29,,98.062,18.039,0.0,1.562,1.001,0.982,-0.066,3660,14.51,11.765,0,,,5.469,,,,,,,,,,
2026-09-25T20:33:40.351,3.647,795.5,29,,98.031,18.039,0.5,1.562,1.001,0.979,-0.074,3670,14.51,11.765,0,,,,14.023,,,,,,,,,
2026-09-25T20:33:40.482,3.778,797.0,29,,98.094,18.039,-1.5,0.781,1.001,0.979,-0.074,3680,14.51,11.765,0,,,,,98,,,,,,,,
2026-09-25T20:33:40.611,3.907,797.25,29,,98.094,18.039,-1.5,0.781,1.001,0.978,-0.078,3660,14.51,11.765,0,,,,,,15,,,,,,,
2026-09-25T20:33:40.742,4.038,799.0,29,,98.031,18.039,-1.0,0.781,1.001,0.976,-0.082,3640,14.51,11.765,0,,,,,,,25.882,,,,,,
2026-09-25T20:33:40.872,4.168,798.5,29,,98.0,18.039,-2.0,0.781,1.001,0.976,-0.086,3640,14.51,11.765,0,,,,,,,,283.8,,,,,
2026-09-25T20:33:41.002,4.298,796.75,29,,98.094,18.039,-1.5,0.0,1.001,0.973,-0.09,3630,14.51,11.765,0,,,,,,,,,0.84,,,,
2026-09-25T20:33:41.131,4.427,799.75,29,,98.062,18.039,-0.5,0.0,1.001,0.972,-0.094,3630,14.51,11.765,0,,,,,,,,,,,0.0,,
2026-09-25T20:33:41.262,4.558,799.5,29,,98.094,18.431,0.0,0.0,1.001,0.969,-0.102,3630,14.51,11.765,0,,,,,,,,,,,,18.824,
2026-09-25T20:33:41.391,4.687,798.25,29,,98.0,18.039,-2.0,0.0,1.001,0.968,-0.102,3640,14.51,11.765,0,,,,,,,,,,,,,38
2026-09-25T20:33:41.521,4.817,800.25,29,,98.062,18.431,-1.5,0.0,1.001,0.969,-0.098,3660,14.51,11.765,0,80,,,,,,,,,,,,
2026-09-25T20:33:41.651,4.947,799.5,29,,98.062,18.039,0.0,0.0,1.001,0.969,-0.102,3640,14.51,11.765,0,,44,,,,,,,,,,,
2026-09-25T20:33:41.781,5.077,799.25,29,,98.156,18.039,-2.0,-0.781,1.001,0.971,-0.094,3640,14.51,11.765,0,,,6.25,,,,,,,,,,
2026-09-25T20:33:41.922,5.218,796.5,29,,98.094,17.647,-0.5,-0.781,1.001,0.972,-0.094,3640,14.51,11.765,0,,,,13.945,,,,,,,,,
2026-09-25T20:33:42.052,5.348,796.25,29,,98.062,17.647,-0.5,-0.781,1.001,0.971,-0.094,3640,14.51,11.765,0,,,,,98,,,,,,,,
2026-09-25T20:33:42.181,5.477,800.5,29,,97.969,18.039,-1.5,-0.781,1.001,0.972,-0.094,3660,14.51,11.765,0,,,,,,15,,,,,,,
2026-09-25T20:33:42.311,5.607,801.75,29,,98.094,18.039,-2.5,-0.781,1.001,0.974,-0.09,3650,14.51,11.765,0,,,,,,,25.882,,,,,,
2026-09-25T20:33:42.441,5.737,799.75,29,,98.094,18.431,-2.0,-1.562,1.001,0.974,-0.086,3660,14.51,11.765,0,,,,,,,,284.0,,,,,
2026-09-25T20:33:42.572,5.868,796.0,29,,98.0,18.039,-1.0,-1.562,1.001,0.975,-0.086,3660,14.51,11.765,0,,,,,,,,,0.86,,,,
2026-09-25T20:33:42.701,5.997,797.5,29,,98.062,18.039,-1.0,-1.562,1.001,0.978,-0.078,3630,14.51,11.765,0,,,,,,,,,,,0.0,,
2026-09-25T20:33:42.831,6.127,796.0,29,,98.031,17.647,1.5,-1.562,1.001,0.977,-0.082,3630,14.51,11.765,0,,,,,,,,,,,,18.431,
2026-09-25T20:33:42.962,6.258,795.25,29,,98.094,17.647,-2.0,-1.562,1.001,0.977,-0.082,3640,14.51,11.765,0,,,,,,,,,,,,,40
2026-09-25T20:33:43.091,6.387,798.75,30,,98.031,18.431,-1.0,-1.562,1.001,0.978,-0.078,3690,14.51,11.765,0,80,,,,,,,,,,,,
2026-09-25T20:33:43.222,6.518,797.0,29,,98.062,17.647,0.5,-2.344,1.001,0.979,-0.078,3690,14.51,11.765,0,,44,,,,,,,,,,,
2026-09-25T20:33:43.352,6.648,798.0,29,,98.062,18.039,-1.0,-2.344,1.001,0.98,-0.07,3670,14.51,11.765,0,,,6.25,,,,,,,,,,
2026-09-25T20:33:43.482,6.778,788.75,29,,98.062,18.039,0.5,-2.344,1.001,0.982,-0.066,3690,14.51,11.765,0,,,,13.925,,,,,,,,,
2026-09-25T20:33:43.611,6.907,790.25,29,,98.062,18.431,0.5,-2.344,1.001,0.985,-0.059,3700,14.51,11.765,0,,,,,98,,,,,,,,
2026-09-25T20:33:43.741,7.037,792.5,29,,98.125,18.039,1.5,-2.344,1.001,0.986,-0.055,3700,14.51,11.765,0,,,,,,15,,,,,,,
2026-09-25T20:33:43.871,7.167,793.25,29,,98.031,18.431,-0.5,-2.344,1.001,0.985,-0.059,3710,14.51,11.765,0,,,,,,,25.882,,,,,,
2026-09-25T20:33:44.002,7.298,791.5,29,,98.031,18.039,0.0,-2.344,1.001,0.984,-0.059,3700,14.51,11.765,0,,,,,,,,284.2,,,,,
2026-09-25T20:33:44.132,7.428,796.25,29,,98.062,18.039,0.5,-2.344,1.001,0.985,-0.059,3670,14.51,11.765,0,,,,,,,,,0.85,,,,
2026-09-25T20:33:44.262,7.558,797.0,29,,98.094,18.039,-1.0,-2.344,1.001,0.986,-0.055,3660,14.51,11.765,0,,,,,,,,,,,0.0,,
2026-09-25T20:33:44.392,7.688,793.75,29,,98.125,18.431,-0.5,-2.344,1.001,0.987,-0.055,3640,14.51,11.765,0,,,,,,,,,,,,18.824,
2026-09-25T20:33:44.521,7.817,792.75,29,,98.0,18.039,1.5,-2.344,1.001,0.989,-0.047,3640,14.51,11.765,0,,,,,,,,,,,,,42
2026-09-25T20:33:44.651,7.947,793.0,29,,98.062,18.039,2.5,-2.344,1.001,0.989,-0.047,3630,14.51,11.765,0,80,,,,,,,,,,,,
2026-09-25T20:33:44.781,8.077,790.75,29,,98.094,18.039,0.5,-2.344,1.001,0.99,-0.047,3630,14.51,11.765,0,,44,,,,,,,,,,,
2026-09-25T20:33:44.911,8.207,795.75,29,,98.062,18.039,-0.5,-2.344,1.001,0.99,-0.043,3620,14.51,11.765,0,,,6.25,,,,,,,,,,
2026-09-25T20:33:45.041,8.337,799.5,29,,98.062,18.431,0.5,-3.125,1.001,0.99,-0.043,3620,14.51,11.765,0,,,,14.023,,,,,,,,,
2026-09-25T20:33:45.171,8.467,796.25,29,,98.0,18.039,0.0,-3.125,1.001,0.991,-0.043,3620,14.51,11.765,0,,,,,98,,,,,,,,
2026-09-25T20:33:45.302,8.598,794.25,29,,98.094,18.039,0.0,-3.125,1.001,0.994,-0.035,3630,14.51,11.765,0,,,,,,15,,,,,,,
2026-09-25T20:33:45.432,8.728,792.75,29,,98.094,18.039,2.0,-2.344,1.001,0.996,-0.031,3630,14.51,11.765,0,,,,,,,25.882,,,,,,
2026-09-25T20:33:45.562,8.858,797.25,29,,98.125,18.039,0.0,-2.344,1.001,0.997,-0.027,3640,14.51,11.765,0,,,,,,,,284.3,,,,,
2026-09-25T20:33:45.691,8.987,790.0,29,,98.062,18.039,-1.0,-2.344,1.001,0.996,-0.027,3660,14.51,11.765,0,,,,,,,,,0.835,,,,
2026-09-25T20:33:45.822,9.118,792.25,29,,98.062,17.647,2.0,-2.344,1.001,0.997,-0.027,3670,14.51,12.157,0,,,,,,,,,,,0.0,,
2026-09-25T20:33:45.951,9.247,797.5,29,,98.062,18.431,-0.5,-3.125,1.001,0.996,-0.031,3700,14.51,11.765,0,,,,,,,,,,,,19.608,
2026-09-25T20:33:46.081,9.377,792.75,30,,98.031,18.039,2.0,-2.344,1.001,0.999,-0.023,3710,14.51,11.765,0,,,,,,,,,,,,,43
2026-09-25T20:33:46.211,9.507,796.0,29,,98.031,18.039,-1.0,-2.344,1.001,0.998,-0.023,3690,14.51,11.765,0,80,,,,,,,,,,,,
2026-09-25T20:33:46.341,9.637,798.0,30,,98.062,18.824,-1.0,-2.344,1.001,0.997,-0.027,3710,14.51,11.765,0,,44,,,,,,,,,,,
2026-09-25T20:33:46.471,9.767,797.5,30,,97.938,18.039,0.5,-3.125,1.001,0.996,-0.027,3700,14.51,11.765,0,,,6.25,,,,,,,,,,
2026-09-25T20:33:46.602,9.898,793.25,29,,98.062,18.039,1.0,-3.125,1.001,0.997,-0.027,3650,14.51,11.765,0,,,,13.925,,,,,,,,,
2026-09-25T20:33:46.732,10.028,796.5,29,,98.031,18.824,-1.0,-3.125,1.001,0.998,-0.023,3660,14.51,11.765,0,,,,,98,,,,,,,,
2026-09-25T20:33:46.861,10.157,801.5,29,,98.062,18.039,0.5,-3.125,1.001,0.997,-0.027,3650,14.51,11.765,0,,,,,,15,,,,,,,
2026-09-25T20:33:46.991,10.287,792.75,29,,98.031,18.039,2.0,-3.125,1.001,0.996,-0.031,3630,14.51,11.765,0,,,,,,,25.882,,,,,,
2026-09-25T20:33:47.121,10.417,792.75,29,,98.031,18.039,1.5,-3.125,1.001,0.996,-0.031,3620,14.51,11.765,0,,,,,,,,284.5,,,,,
2026-09-25T20:33:47.251,10.547,789.0,29,,98.062,18.039,2.0,-3.125,1.001,0.997,-0.027,3620,14.51,11.765,0,,,,,,,,,0.81,,,,
2026-09-25T20:33:47.381,10.677,796.75,30,,97.969,18.824,-1.5,-3.125,1.001,0.999,-0.023,3640,14.51,11.765,0,,,,,,,,,,,0.0,,
2026-09-25T20:33:47.511,10.807,792.75,30,,98.0,18.431,0.5,-2.344,1.001,1.005,-0.016,3650,14.51,11.765,0,,,,,,,,,,,,18.431,
2026-09-25T20:33:47.642,10.938,790.5,29,,98.094,18.039,2.5,-2.344,1.001,1.008,-0.012,3640,14.51,11.765,0,,,,,,,,,,,,,45
2026-09-25T20:33:47.772,11.068,794.5,29,,98.094,18.824,3.5,-2.344,1.001,1.005,-0.016,3660,14.51,11.765,0,80,,,,,,,,,,,,
2026-09-25T20:33:47.902,11.198,789.0,30,,98.125,18.824,-0.5,-2.344,1.001,1.006,-0.016,3700,14.51,11.765,0,,44,,,,,,,,,,,
2026-09-25T20:33:48.031,11.327,790.0,30,,98.062,18.039,3.5,-2.344,1.001,1.008,-0.012,3680,14.51,11.765,0,,,6.25,,,,,,,,,,
2026-09-25T20:33:48.161,11.457,789.75,30,,98.062,18.431,0.0,-2.344,1.001,1.01,-0.012,3690,14.51,11.373,0,,,,13.984,,,,,,,,,
2026-09-25T20:33:48.291,11.587,794.75,29,,98.062,18.039,1.5,-2.344,1.001,1.013,-0.008,3680,14.51,11.765,0,,,,,98,,,,,,,,
2026-09-25T20:33:48.422,11.718,791.0,29,,98.0,18.039,0.5,-2.344,1.001,1.01,-0.012,3670,14.51,11.765,0,,,,,,15,,,,,,,
2026-09-25T20:33:48.552,11.848,787.25,30,,98.094,18.431,0.5,-1.562,1.001,1.01,-0.012,3670,14.51,11.765,0,,,,,,,25.882,,,,,,
2026-09-25T20:33:48.682,11.978,790.75,29,,98.031,17.647,3.0,-2.344,1.001,1.007,-0.012,3640,14.51,11.765,0,,,,,,,,284.8,,,,,
2026-09-25T20:33:48.822,12.118,791.75,29,,98.031,17.647,1.5,-2.344,1.001,1.008,-0.012,3640,14.51,11.765,0,,,,,,,,,0.795,,,,
2026-09-25T20:33:48.951,12.247,794.75,30,,98.031,18.824,-1.5,-1.562,1.001,1.008,-0.012,3670,14.51,11.765,0,,,,,,,,,,,0.0,,
2026-09-25T20:33:49.082,12.378,793.0,29,,98.062,18.039,0.0,-1.562,1.001,1.007,-0.012,3660,14.51,11.765,0,,,,,,,,,,,,18.824,
2026-09-25T20:33:49.212,12.508,794.75,29,,98.062,18.039,1.5,-1.562,1.001,1.006,-0.016,3650,14.51,11.765,0,,,,,,,,,,,,,46
2026-09-25T20:33:49.342,12.638,794.75,29,,98.094,18.039,1.5,-1.562,1.001,1.006,-0.016,3660,14.51,11.765,0,81,,,,,,,,,,,,
2026-09-25T20:33:49.471,12.767,792.25,29,,97.969,18.824,-0.5,-1.562,1.001,1.005,-0.016,3670,14.51,11.765,0,,44,,,,,,,,,,,
2026-09-25T20:33:49.601,12.897,792.25,30,,98.062,18.431,-0.5,-1.562,1.001,1.003,-0.016,3680,14.51,11.765,0,,,6.25,,,,,,,,,,
2026-09-25T20:33:49.731,13.027,792.5,29,,98.094,17.647,3.5,-1.562,1.001,1.003,-0.016,3650,14.51,11.765,0,,,,14.023,,,,,,,,,
2026-09-25T20:33:49.861,13.157,796.25,29,,98.0,18.431,-0.5,-1.562,1.001,1.004,-0.016,3650,14.51,11.765,0,,,,,98,,,,,,,,
2026-09-25T20:33:49.992,13.288,793.0,29,,98.062,18.039,-0.5,-1.562,1.001,1.005,-0.016,3640,14.51,11.765,0,,,,,,15,,,,,,,
2026-09-25T20:33:50.121,13.417,793.0,29,,98.062,18.431,0.5,-1.562,1.001,1.002,-0.02,3640,14.51,11.765,0,,,,,,,25.882,,,,,,
2026-09-25T20:33:50.252,13.548,798.0,29,,98.094,18.039,1.5,-1.562,1.001,1.002,-0.02,3640,14.51,11.765,0,,,,,,,,285.0,,,,,
2026-09-25T20:33:50.381,13.677,788.25,29,,98.0,18.431,1.5,-1.562,1.001,1.002,-0.02,3660,14.51,11.765,0,,,,,,,,,0.78,,,,
2026-09-25T20:33:50.511,13.807,793.75,29,,98.031,18.431,-1.0,-1.562,1.001,1.002,-0.02,3670,14.51,11.765,0,,,,,,,,,,,0.0,,
2026-09-25T20:33:50.641,13.937,796.5,30,,98.062,18.824,-0.5,-1.562,1.001,1.003,-0.016,3670,14.51,11.765,0,,,,,,,,,,,,18.824,
2026-09-25T20:33:50.771,14.067,797.25,29,,98.094,18.039,-1.0,-1.562,1.001,1.003,-0.016,3630,14.51,11.765,0,,,,,,,,,,,,,48
2026-09-25T20:33:50.901,14.197,792.0,29,,98.094,18.039,2.5,-1.562,1.001,1.003,-0.016,3620,14.51,12.157,0,81,,,,,,,,,,,,
2026-09-25T20:33:51.031,14.327,791.75,29,,98.031,18.431,-0.5,-1.562,1.001,0.999,-0.02,3640,14.51,11.765,0,,44,,,,,,,,,,,
2026-09-25T20:33:51.162,14.458,793.75,30,,98.031,18.431,2.0,-1.562,1.001,0.999,-0.023,3640,14.51,11.765,0,,,6.25,,,,,,,,,,
2026-09-25T20:33:51.292,14.588,795.75,30,,98.0,18.431,0.0,-1.562,1.001,0.999,-0.023,3640,14.51,11.765,0,,,,13.964,,,,,,,,,
2026-09-25T20:33:51.422,14.718,796.5,30,,98.031,18.431,-1.0,-1.562,1.001,1.002,-0.02,3670,14.51,11.765,0,,,,,98,,,,,,,,
2026-09-25T20:33:51.551,14.847,798.75,30,,97.969,18.824,-0.5,-1.562,1.001,1.003,-0.016,3670,14.51,11.765,0,,,,,,15,,,,,,,
2026-09-25T20:33:51.681,14.977,796.5,30,,98.031,18.039,0.5,-1.562,1.001,1.005,-0.016,3660,14.51,11.765,0,,,,,,,25.882,,,,,,
2026-09-25T20:33:51.811,15.107,790.0,29,,98.062,18.039,1.5,-1.562,1.001,1.006,-0.016,3650,14.51,11.765,0,,,,,,,,285.1,,,,,
2026-09-25T20:33:51.941,15.237,786.25,29,,98.062,18.039,3.5,-1.562,1.001,1.009,-0.012,3660,14.51,11.765,0,,,,,,,,,0.775,,,,
2026-09-25T20:33:52.072,15.368,790.75,30,,98.062,18.824,-0.5,-1.562,1.001,1.01,-0.012,3710,14.51,11.765,0,,,,,,,,,,,0.0,,
2026-09-25T20:33:52.201,15.497,792.5,30,,98.031,18.431,0.0,-1.562,1.001,1.009,-0.012,3690,14.51,11.765,0,,,,,,,,,,,,19.216,
2026-09-25T20:33:52.332,15.628,792.25,30,,98.094,18.431,2.0,-0.781,1.001,1.011,-0.008,3660,14.51,12.157,0,,,,,,,,,,,,,49
2026-09-25T20:33:52.462,15.758,794.0,29,,98.062,18.039,1.0,-0.781,1.001,1.011,-0.008,3660,14.51,11.765,0,81,,,,,,,,,,,,
2026-09-25T20:33:52.591,15.887,795.75,30,,98.062,18.039,0.5,-0.781,1.001,1.01,-0.012,3650,14.51,11.765,0,,44,,,,,,,,,,,
2026-09-25T20:33:52.721,16.017,794.0,29,,98.031,18.039,0.5,-0.781,1.001,1.009,-0.012,3660,14.51,11.765,0,,,6.25,,,,,,,,,,
2026-09-25T20:33:52.851,16.147,793.75,29,,98.0,18.039,1.5,-0.781,1.001,1.008,-0.012,3640,14.51,11.765,0,,,,14.003,,,,,,,,,
2026-09-25T20:33:52.981,16.277,796.0,29,,97.969,18.431,-0.5,-0.781,1.001,1.008,-0.012,3650,14.51,11.765,0,,,,,98,,,,,,,,
2026-09-25T20:33:53.111,16.407,796.75,29,,98.062,18.039,0.0,-0.781,1.001,1.007,-0.012,3660,14.51,11.765,0,,,,,,15,,,,,,,
2026-09-25T20:33:53.242,16.538,798.0,30,,98.0,19.216,-2.0,-0.781,1.001,1.007,-0.012,3690,14.51,11.765,0,,,,,,,25.882,,,,,,
2026-09-25T20:33:53.371,16.667,799.5,30,,98.062,18.039,2.0,-0.781,1.001,1.003,-0.016,3660,14.51,11.765,0,,,,,,,,285.3,,,,,
2026-09-25T20:33:53.501,16.797,796.25,30,,98.031,18.431,0.5,-0.781,1.001,1.005,-0.016,3660,14.51,11.765,0,,,,,,,,,0.77,,,,
2026-09-25T20:33:53.632,16.928,800.25,30,,97.969,18.431,-1.0,-0.781,1.001,1.006,-0.016,3690,14.51,11.765,0,,,,,,,,,,,0.0,,
2026-09-25T20:33:53.762,17.058,794.25,30,,97.969,18.431,-0.5,-0.781,1.001,1.004,-0.016,3700,14.51,11.765,0,,,,,,,,,,,,19.608,
2026-09-25T20:33:53.892,17.188,800.5,30,,98.0,18.824,-1.0,-0.781,1.001,1.005,-0.016,3710,14.51,11.765,0,,,,,,,,,,,,,51
2026-09-25T20:33:54.022,17.318,800.75,30,,98.062,18.431,-1.5,-0.781,1.001,1.005,-0.016,3720,14.51,11.765,0,81,,,,,,,,,,,,
2026-09-25T20:33:54.151,17.447,799.5,30,,97.969,18.824,-2.0,-0.781,1.001,1.008,-0.012,3720,14.51,11.765,0,,44,,,,,,,,,,,
2026-09-25T20:33:54.281,17.577,798.0,30,,98.031,18.431,-1.5,-0.781,1.001,1.004,-0.016,3740,14.51,11.765,0,,,6.25,,,,,,,,,,
2026-09-25T20:33:54.411,17.707,801.75,30,,98.0,18.824,-2.0,-0.781,1.001,1.006,-0.016,3730,14.51,11.765,0,,,,13.984,,,,,,,,,
2026-09-25T20:33:54.541,17.837,802.25,30,,98.094,18.431,-1.0,-0.781,1.001,1.005,-0.016,3730,14.51,11.765,0,,,,,98,,,,,,,,
2026-09-25T20:33:54.671,17.967,793.5,30,,98.125,18.824,-1.0,-0.781,1.001,1.006,-0.016,3720,14.51,11.765,0,,,,,,15,,,,,,,
2026-09-25T20:33:54.801,18.097,797.75,30,,98.094,18.431,-1.0,-0.781,1.001,1.007,-0.012,3690,14.51,11.765,0,,,,,,,25.882,,,,,,
2026-09-25T20:33:54.932,18.228,796.5,30,,98.094,18.431,0.5,-0.781,1.001,1.006,-0.016,3700,14.51,11.765,0,,,,,,,,285.5,,,,,
2026-09-25T20:33:55.061,18.357,795.75,30,,98.062,18.824,-1.0,-0.781,1.001,1.007,-0.012,3710,14.51,11.765,0,,,,,,,,,0.76,,,,
2026-09-25T20:33:55.191,18.487,795.0,30,,98.094,18.431,-1.0,-0.781,1.001,1.005,-0.016,3690,14.51,11.765,0,,,,,,,,,,,0.0,,
2026-09-25T20:33:55.322,18.618,798.25,30,,98.031,18.431,0.0,-0.781,1.001,1.006,-0.016,3670,14.51,11.765,0,,,,,,,,,,,,19.216,
2026-09-25T20:33:55.452,18.748,800.0,30,,98.062,18.431,-0.5,-0.781,1.001,1.005,-0.016,3680,14.51,11.765,0,,,,,,,,,,,,,52
2026-09-25T20:33:55.581,18.877,799.0,30,,98.062,18.431,-2.0,-0.781,1.001,1.005,-0.016,3680,14.51,11.765,0,81,,,,,,,,,,,,
2026-09-25T20:33:55.711,19.007,796.75,30,,98.062,18.431,-1.5,-0.781,1.001,1.0,-0.02,3680,14.51,11.765,0,,44,,,,,,,,,,,
2026-09-25T20:33:55.841,19.137,796.25,30,,98.062,18.824,0.5,-0.781,1.001,0.999,-0.02,3670,14.51,11.765,0,,,5.469,,,,,,,,,,
2026-09-25T20:33:55.971,19.267,793.0,30,,97.969,18.824,1.0,-0.781,1.001,1.002,-0.02,3700,14.51,11.765,0,,,,13.984,,,,,,,,,
2026-09-25T20:33:56.101,19.397,793.5,30,,98.062,18.824,-0.5,-0.781,1.001,1.003,-0.016,3700,14.51,11.765,0,,,,,98,,,,,,,,
2026-09-25T20:33:56.231,19.527,794.25,30,,97.969,18.824,0.5,0.0,1.001,1.005,-0.016,3730,14.51,11.765,0,,,,,,15,,,,,,,
2026-09-25T20:33:56.362,19.658,799.75,30,,98.031,18.824,-1.5,0.0,1.001,1.008,-0.012,3710,14.51,11.765,0,,,,,,,25.882,,,,,,
2026-09-25T20:33:56.491,19.787,797.0,30,,98.031,18.824,-2.0,0.0,1.001,1.01,-0.012,3730,14.51,11.765,0,,,,,,,,285.7,,,,,
2026-09-25T20:33:56.622,19.918,797.0,30,,98.062,18.824,-1.5,0.0,1.001,1.007,-0.012,3710,14.51,11.765,0,,,,,,,,,0.76,,,,
2026-09-25T20:33:56.752,20.048,796.0,30,,98.031,18.824,0.5,0.0,1.001,1.005,-0.016,3710,14.51,11.765,0,,,,,,,,,,,0.0,,
2026-09-25T20:33:56.881,20.177,796.5,30,,98.125,18.431,-1.5,0.0,1.001,1.005,-0.016,3690,14.51,11.765,0,,,,,,,,,,,,19.216,
2026-09-25T20:33:57.011,20.307,795.25,30,,98.094,18.431,-0.5,0.0,1.001,1.003,-0.016,3670,14.51,11.765,0,,,,,,,,,,,,,54
2026-09-25T20:33:57.141,20.437,794.75,30,,98.031,18.431,0.5,0.0,1.001,1.003,-0.016,3660,14.51,11.765,0,81,,,,,,,,,,,,
2026-09-25T20:33:57.271,20.567,797.75,29,,98.094,18.431,1.0,0.0,1.001,1.0,-0.02,3650,14.51,11.765,0,,44,,,,,,,,,,,
2026-09-25T20:33:57.401,20.697,795.5,30,,98.031,18.431,0.5,0.0,1.001,1.0,-0.02,3660,14.51,11.765,0,,,6.25,,,,,,,,,,
2026-09-25T20:33:57.531,20.827,798.25,29,,98.062,18.431,-0.5,0.0,1.001,0.999,-0.02,3670,14.51,11.765,0,,,,14.023,,,,,,,,,
2026-09-25T20:33:57.661,20.957,798.25,30,,98.094,18.824,0.5,0.0,1.001,0.999,-0.023,3670,14.51,11.765,0,,,,,98,,,,,,,,
2026-09-25T20:33:57.792,21.088,797.25,30,,98.0,18.824,-1.0,0.0,1.001,0.999,-0.023,3680,14.51,11.765,0,,,,,,15,,,,,,,
2026-09-25T20:33:57.921,21.217,799.0,30,,98.125,18.824,-2.5,0.0,1.001,1.0,-0.02,3700,14.51,11.765,0,,,,,,,25.882,,,,,,
2026-09-25T20:33:58.052,21.348,798.5,30,,98.0,18.824,-2.0,0.0,1.001,1.005,-0.016,3690,14.51,11.765,0,,,,,,,,286.0,,,,,
2026-09-25T20:33:58.182,21.478,799.75,30,,98.062,18.824,-1.0,0.0,1.001,1.007,-0.012,3670,14.51,11.765,0,,,,,,,,,0.755,,,,
2026-09-25T20:33:58.311,21.607,799.25,30,,98.062,18.431,-1.0,0.0,1.001,1.007,-0.012,3680,14.51,11.765,0,,,,,,,,,,,0.0,,
2026-09-25T20:33:58.441,21.737,795.25,30,,98.094,18.431,0.5,0.0,1.001,1.006,-0.016,3660,14.51,11.765,0,,,,,,,,,,,,19.216,
2026-09-25T20:33:58.571,21.867,791.5,30,,97.969,18.431,1.5,0.0,1.001,1.004,-0.016,3660,14.51,11.765,0,,,,,,,,,,,,,56
2026-09-25T20:33:58.701,21.997,797.75,30,,98.031,18.824,-0.5,0.0,1.001,1.002,-0.02,3660,14.51,11.765,0,82,,,,,,,,,,,,
2026-09-25T20:33:58.831,22.127,798.75,30,,98.031,18.431,-1.0,0.0,1.001,1.004,-0.016,3680,14.51,11.765,0,,44,,,,,,,,,,,
2026-09-25T20:33:58.961,22.257,798.0,30,,97.969,18.824,-1.0,0.0,1.001,1.006,-0.016,3680,14.51,11.765,0,,,6.25,,,,,,,,,,
2026-09-25T20:33:59.091,22.387,796.5,30,,98.031,18.824,-1.0,0.0,1.001,1.001,-0.02,3670,14.51,11.765,0,,,,13.984,,,,,,,,,
2026-09-25T20:33:59.222,22.518,799.25,30,,98.062,18.431,-1.0,0.0,1.001,1.001,-0.02,3680,14.51,11.765,0,,,,,98,,,,,,,,
2026-09-25T20:33:59.351,22.647,796.25,30,,98.094,18.824,0.0,0.0,1.001,1.005,-0.016,3670,14.51,11.765,0,,,,,,15,,,,,,,
2026-09-25T20:33:59.482,22.778,798.5,30,,98.094,18.824,-2.0,0.0,1.001,1.005,-0.016,3680,14.51,11.765,0,,,,,,,25.882,,,,,,
2026-09-25T20:33:59.612,22.908,796.25,31,,98.094,19.216,-1.0,0.0,1.001,1.004,-0.016,3690,14.51,11.765,0,,,,,,,,286.2,,,,,
2026-09-25T20:33:59.741,23.037,798.25,30,,98.031,18.431,0.5,0.0,1.001,1.006,-0.016,3680,14.51,11.765,0,,,,,,,,,0.755,,,,
2026-09-25T20:33:59.871,23.167,798.5,30,,98.062,18.824,-1.0,0.0,1.001,1.009,-0.012,3690,14.51,11.765,0,,,,,,,,,,,0.0,,
2026-09-25T20:34:00.001,23.297,795.75,30,,98.062,18.431,0.5,0.0,1.001,1.009,-0.012,3670,14.51,12.157,0,,,,,,,,,,,,19.608,
2026-09-25T20:34:00.131,23.427,794.25,30,,98.062,18.824,1.0,0.0,1.001,1.009,-0.012,3700,14.51,11.765,0,,,,,,,,,,,,,57
2026-09-25T20:34:00.261,23.557,796.0,30,,98.062,18.824,0.5,0.0,1.001,1.005,-0.016,3690,14.51,11.765,0,82,,,,,,,,,,,,
2026-09-25T20:34:00.391,23.687,796.75,30,,98.062,18.431,-1.0,0.0,1.001,1.004,-0.016,3700,14.51,11.765,0,,44,,,,,,,,,,,
2026-09-25T20:34:00.521,23.817,799.5,30,,98.031,18.824,0.5,0.0,1.001,1.005,-0.016,3690,14.51,11.765,0,,,6.25,,,,,,,,,,
2026-09-25T20:34:00.652,23.948,798.25,30,,98.062,18.824,0.5,0.0,1.001,1.003,-0.016,3680,14.51,11.765,0,,,,14.003,,,,,,,,,
2026-09-25T20:34:00.782,24.078,797.0,30,,98.094,19.216,-0.5,0.0,1.001,1.002,-0.02,3680,14.51,11.765,0,,,,,98,,,,,,,,
2026-09-25T20:34:00.912,24.208,796.0,30,,98.062,18.824,-1.0,0.0,1.001,1.001,-0.02,3690,14.51,11.765,0,,,,,,15,,,,,,,
2026-09-25T20:34:01.042,24.338,798.25,30,,98.062,18.431,0.5,0.0,1.001,1.005,-0.016,3690,14.51,11.765,0,,,,,,,0.0,,,,,,
2026-09-25T20:34:01.171,24.467,797.75,30,,98.031,18.431,0.5,0.0,1.001,1.007,-0.012,3670,14.51,11.765,0,,,,,,,,286.5,,,,,
2026-09-25T20:34:01.301,24.597,796.25,30,,98.031,18.431,-0.5,0.0,1.001,1.006,-0.016,3680,14.51,12.157,0,,,,,,,,,0.755,,,,
2026-09-25T20:34:01.431,24.727,798.75,30,,98.031,19.216,-2.0,0.0,1.001,1.005,-0.016,3700,14.51,11.765,0,,,,,,,,,,,0.0,,
2026-09-25T20:34:01.561,24.857,794.25,31,,98.062,19.216,1.0,0.0,1.001,1.003,-0.016,3710,14.51,11.765,0,,,,,,,,,,,,19.216,
2026-09-25T20:34:01.691,24.987,798.75,30,,98.062,18.431,-1.0,0.0,1.001,1.006,-0.016,3660,14.51,11.765,0,,,,,,,,,,,,,59
2026-09-25T20:34:01.831,25.127,797.25,31,,98.062,19.216,-1.0,0.0,1.001,1.01,-0.012,3710,14.51,11.765,0,82,,,,,,,,,,,,
2026-09-25T20:34:01.961,25.257,795.75,30,,98.094,18.431,1.5,0.0,1.001,1.007,-0.012,3680,14.51,11.765,0,,44,,,,,,,,,,,
2026-09-25T20:34:02.091,25.387,798.25,31,,98.062,19.216,-1.5,0.0,1.001,1.006,-0.016,3690,14.51,11.765,0,,,6.25,,,,,,,,,,
2026-09-25T20:34:02.221,25.517,799.0,31,,98.125,18.824,0.0,0.0,1.001,1.004,-0.016,3690,14.51,11.765,0,,,,13.945,,,,,,,,,
2026-09-25T20:34:02.351,25.647,797.5,30,,98.031,18.431,0.5,0.0,1.001,1.003,-0.016,3670,14.51,11.765,0,,,,,98,,,,,,,,
2026-09-25T20:34:02.481,25.777,801.25,30,,98.094,18.824,-1.0,0.0,1.001,1.003,-0.016,3680,14.51,11.765,0,,,,,,15,,,,,,,
2026-09-25T20:34:02.611,25.907,803.5,30,,98.031,18.431,-0.5,0.0,1.001,1.002,-0.02,3700,14.51,11.765,0,,,,,,,25.882,,,,,,
2026-09-25T20:34:02.741,26.037,805.0,30,,98.062,18.824,-2.0,0.0,1.001,1.0,-0.02,3740,14.51,11.765,0,,,,,,,,286.7,,,,,
2026-09-25T20:34:02.871,26.167,802.25,31,,98.062,18.824,-3.5,0.0,1.001,1.0,-0.02,3760,14.51,11.765,0,,,,,,,,,0.745,,,,
2026-09-25T20:34:03.001,26.297,800.0,30,,98.094,18.431,-1.0,0.0,1.001,0.999,-0.023,3740,14.51,11.765,0,,,,,,,,,,,0.0,,
2026-09-25T20:34:03.132,26.428,798.75,30,,98.062,18.431,1.0,0.0,1.001,0.999,-0.023,3700,14.51,11.765,0,,,,,,,,,,,,18.824,
2026-09-25T20:34:03.262,26.558,796.25,30,,98.094,18.431,0.0,0.0,1.001,0.999,-0.023,3670,14.51,11.765,0,,,,,,,,,,,,,60
2026-09-25T20:34:03.391,26.687,799.0,30,,98.062,18.824,-1.0,0.0,1.001,0.999,-0.023,3670,14.51,11.765,0,82,,,,,,,,,,,,
2026-09-25T20:34:03.522,26.818,800.25,30,,98.031,18.431,-0.5,0.0,1.001,0.999,-0.023,3690,14.51,11.765,0,,44,,,,,,,,,,,
2026-09-25T20:34:03.652,26.948,797.25,30,,98.031,18.824,-1.0,0.0,1.001,0.998,-0.023,3710,14.51,11.765,0,,,5.469,,,,,,,,,,
2026-09-25T20:34:03.781,27.077,791.5,30,,98.0,18.431,1.5,0.0,1.001,0.999,-0.023,3710,14.51,11.765,0,,,,14.023,,,,,,,,,
2026-09-25T20:34:03.911,27.207,799.0,30,,98.094,18.039,-0.5,0.0,1.001,0.999,-0.02,3690,14.51,11.765,0,,,,,98,,,,,,,,
2026-09-25T20:34:04.041,27.337,802.25,30,,98.062,19.216,-2.0,0.0,1.001,0.999,-0.023,3720,14.51,11.765,0,,,,,,15,,,,,,,
2026-09-25T20:34:04.171,27.467,793.75,30,,98.094,18.039,3.0,0.0,1.001,0.999,-0.023,3670,14.51,12.157,0,,,,,,,25.882,,,,,,
2026-09-25T20:34:04.302,27.598,794.5,30,,98.062,19.608,-2.0,0.0,1.001,1.001,-0.02,3690,14.51,11.765,0,,,,,,,,287.0,,,,,
2026-09-25T20:34:04.431,27.727,794.5,30,,98.094,18.039,2.5,0.0,1.001,1.005,-0.016,3680,14.51,11.765,0,,,,,,,,,0.745,,,,
2026-09-25T20:34:04.561,27.857,798.25,30,,98.031,18.824,0.0,0.0,1.001,1.006,-0.016,3700,14.51,11.765,0,,,,,,,,,,,0.0,,
2026-09-25T20:34:04.692,27.988,798.0,31,,98.094,19.216,-2.5,0.0,1.001,1.007,-0.012,3720,14.51,11.765,0,,,,,,,,,,,,19.608,
2026-09-25T20:34:04.822,28.118,794.25,30,,98.094,18.824,-0.5,0.0,1.001,1.005,-0.016,3720,14.51,11.765,0,,,,,,,,,,,,,62
2026-09-25T20:34:04.951,28.247,798.75,30,,98.031,18.824,0.0,0.0,1.001,1.004,-0.016,3710,14.51,11.765,0,82,,,,,,,,,,,,
2026-09-25T20:34:36.992,28.377,799.5,30,,97.969,18.431,-1.0,0.0,1.001,1.004,-0.016,3690,14.51,11.765,0,,44,,,,,,,,,,,
2026-09-25T20:34:37.122,28.507,798.25,30,,98.031,18.824,-1.0,0.0,1.001,1.002,-0.02,3680,14.51,11.765,0,,,6.25,,,,,,,,,,
2026-09-25T20:34:37.252,28.637,794.0,30,,98.031,18.824,0.5,0.0,1.001,0.999,-0.023,3670,14.51,11.765,0,,,,14.003,,,,,,,,,
2026-09-25T20:34:37.382,28.767,797.0,30,,98.062,18.824,0.5,0.0,1.001,0.998,-0.023,3680,14.51,11.765,0,,,,,98,,,,,,,,
2026-09-25T20:34:37.512,28.897,798.25,30,,98.0,18.431,-0.5,0.0,1.001,0.999,-0.023,3670,14.51,11.765,0,,,,,,15,,,,,,,
2026-09-25T20:34:37.642,29.027,798.5,30,,98.062,18.431,-0.5,0.0,1.001,1.0,-0.02,3670,14.51,11.765,0,,,,,,,25.882,,,,,,
2026-09-25T20:34:37.772,29.157,798.5,30,,98.031,18.824,0.5,0.0,1.001,1.0,-0.02,3670,14.51,11.765,0,,,,,,,,287.2,,,,,
2026-09-25T20:34:37.902,29.288,800.25,30,,97.938,18.824,-1.5,0.0,1.001,1.005,-0.016,3700,14.51,11.765,0,,,,,,,,,0.75,,,,
2026-09-25T20:34:38.032,29.418,799.0,30,,98.0,18.824,-2.0,0.0,1.001,1.007,-0.012,3700,14.51,11.765,0,,,,,,,,,,,0.0,,
2026-09-25T20:34:38.162,29.548,797.75,30,,98.0,18.824,-1.0,0.781,1.001,1.009,-0.012,3700,14.51,11.765,0,,,,,,,,,,,,19.216,
2026-09-25T20:34:38.292,29.678,800.75,30,,98.031,18.431,-1.0,0.781,1.001,1.009,-0.012,3670,14.51,11.765,0,,,,,,,,,,,,,63
2026-09-25T20:34:38.422,29.807,799.75,30,,97.969,18.431,-1.0,0.781,1.001,1.007,-0.012,3690,14.51,11.765,0,82,,,,,,,,,,,,
2026-09-25T20:34:38.552,29.937,795.75,30,,98.0,18.431,-0.5,0.781,1.001,1.005,-0.016,3670,14.51,11.765,0,,44,,,,,,,,,,,
2026-09-25T20:34:38.682,30.067,794.0,30,,98.062,18.431,0.5,0.781,1.001,1.003,-0.016,3660,14.51,11.765,0,,,6.25,,,,,,,,,,
2026-09-25T20:34:38.812,30.197,801.25,30,,98.062,18.824,-1.0,0.781,1.001,1.004,-0.016,3660,14.51,11.765,0,,,,13.984,,,,,,,,,
2026-09-25T20:34:38.941,30.327,804.25,30,,98.0,18.431,-1.0,0.781,1.001,1.003,-0.016,3680,14.51,11.765,0,,,,,98,,,,,,,,
2026-09-25T20:34:39.072,30.457,798.25,30,,98.094,18.431,-1.0,0.781,1.001,1.004,-0.016,3690,14.51,11.765,0,,,,,,15,,,,,,,
2026-09-25T20:34:39.201,30.587,802.0,30,,98.062,18.431,-1.5,0.781,1.001,1.005,-0.016,3680,14.51,11.765,0,,,,,,,25.882,,,,,,
2026-09-25T20:34:39.332,30.717,805.25,30,,98.125,18.431,-1.0,0.781,1.001,1.004,-0.016,3700,14.51,11.765,0,,,,,,,,287.5,,,,,
2026-09-25T20:34:39.462,30.847,810.0,30,,98.062,18.039,-1.5,0.781,1.001,1.005,-0.016,3680,14.51,11.765,0,,,,,,,,,0.74,,,,
2026-09-25T20:34:39.591,30.977,808.75,30,,98.094,18.039,-2.0,0.781,1.001,1.001,-0.02,3680,14.51,11.765,0,,,,,,,,,,,0.0,,
2026-09-25T20:34:39.721,31.107,807.0,30,,98.0,18.431,-2.0,0.781,1.001,0.999,-0.023,3680,14.51,11.765,0,,,,,,,,,,,,19.216,
2026-09-25T20:34:39.851,31.237,810.0,30,,97.938,18.431,-2.0,0.781,1.001,0.999,-0.023,3690,14.51,11.765,0,,,,,,,,,,,,,65
2026-09-25T20:34:39.981,31.367,803.5,30,,97.938,18.431,-2.0,0.781,1.001,1.0,-0.02,3700,14.51,11.765,0,82,,,,,,,,,,,,
2026-09-25T20:34:40.112,31.497,800.0,30,,98.031,18.824,-1.5,0.781,1.001,1.002,-0.02,3700,14.51,11.765,0,,44,,,,,,,,,,,
2026-09-25T20:34:40.241,31.627,797.75,30,,98.031,18.431,-0.5,0.781,1.001,1.001,-0.02,3700,14.51,11.765,0,,,5.469,,,,,,,,,,
2026-09-25T20:34:40.372,31.757,798.25,30,,98.0,18.431,-1.0,0.781,1.001,1.003,-0.016,3690,14.51,11.765,0,,,,13.984,,,,,,,,,
2026-09-25T20:34:40.502,31.888,794.25,30,,97.906,18.431,0.0,0.781,1.001,1.003,-0.016,3680,14.51,11.765,0,,,,,98,,,,,,,,
2026-09-25T20:34:40.632,32.018,794.75,30,,97.906,18.431,0.0,0.781,1.001,1.007,-0.012,3690,14.51,11.765,0,,,,,,15,,,,,,,
2026-09-25T20:34:40.762,32.148,799.5,30,,97.938,18.824,0.0,0.781,1.001,1.007,-0.012,3690,14.51,11.765,0,,,,,,,25.882,,,,,,
2026-09-25T20:34:40.892,32.277,798.0,30,,98.031,18.431,-1.5,0.781,1.001,1.008,-0.012,3680,14.51,11.765,0,,,,,,,,287.7,,,,,
2026-09-25T20:34:41.021,32.407,800.25,30,,98.031,18.431,-1.5,0.781,1.001,1.009,-0.012,3680,14.51,11.765,0,,,,,,,,,0.745,,,,
2026-09-25T20:34:41.151,32.537,796.5,30,,97.969,18.431,0.0,0.781,1.001,1.005,-0.016,3680,14.51,11.765,0,,,,,,,,,,,0.0,,
2026-09-25T20:34:41.281,32.667,798.75,30,,97.938,18.431,-0.5,0.781,1.001,1.003,-0.016,3670,14.51,11.765,0,,,,,,,,,,,,19.216,
2026-09-25T20:34:41.412,32.797,798.25,30,,97.938,18.431,-1.0,0.781,1.001,1.0,-0.02,3670,14.51,11.765,0,,,,,,,,,,,,,67
2026-09-25T20:34:41.541,32.927,796.75,30,,98.031,18.431,-0.5,0.781,1.001,0.999,-0.023,3660,14.51,11.765,0,83,,,,,,,,,,,,
2026-09-25T20:34:41.671,33.057,797.5,30,,98.031,18.431,-0.5,0.781,1.001,1.0,-0.02,3670,14.51,11.765,0,,44,,,,,,,,,,,
2026-09-25T20:34:41.802,33.188,798.25,30,,97.969,20.392,2.0,0.781,1.001,0.999,-0.02,3730,14.51,13.333,0,,,4.688,,,,,,,,,,
2026-09-25T20:34:41.932,33.317,801.0,37,,97.875,26.275,-11.5,0.781,1.001,1.002,-0.02,4010,14.51,12.941,0,,,,13.945,,,,,,,,,
2026-09-25T20:34:42.062,33.448,803.5,38,,98.0,24.706,-9.5,1.562,1.001,1.017,-0.004,4430,14.51,12.549,0,,,,,98,,,,,,,,
2026-09-25T20:34:42.191,33.577,824.75,39,,97.938,25.882,-12.0,1.562,1.001,1.026,0.008,5060,14.51,12.549,0,,,,,,15,,,,,,,
2026-09-25T20:34:42.321,33.707,840.5,38,,97.969,23.922,-14.0,2.344,1.0,1.021,0.0,5570,14.51,12.549,0,,,,,,,25.882,,,,,,
2026-09-25T20:34:42.452,33.838,830.25,36,,98.0,23.137,-11.0,1.562,1.0,0.996,-0.031,5730,14.51,12.549,0,,,,,,,,288.0,,,,,
2026-09-25T20:34:42.582,33.968,820.5,36,,97.906,23.922,-11.0,0.781,1.0,0.99,-0.047,5720,14.51,12.549,0,,,,,,,,,0.72,,,,
2026-09-25T20:34:42.712,34.097,798.75,36,,97.969,23.922,-9.0,0.781,1.0,0.992,-0.039,5650,14.51,12.941,0,,,,,,,,,,,0.0,,
2026-09-25T20:34:42.841,34.227,790.25,38,,97.969,24.706,-10.5,0.781,1.0,0.999,-0.023,5780,14.51,12.549,0,,,,,,,,,,,,26.275,
2026-09-25T20:34:42.972,34.357,790.0,39,,98.094,25.49,-9.5,1.562,1.0,1.012,-0.008,6020,14.51,12.549,0,,,,,,,,,,,,,68
2026-09-25T20:34:43.102,34.487,785.25,37,,98.031,24.314,-9.5,2.344,1.0,1.021,0.0,6000,14.51,12.549,0,83,,,,,,,,,,,,
2026-09-25T20:34:43.231,34.617,797.75,37,,98.062,24.706,-10.5,2.344,1.0,1.019,0.0,5920,14.51,12.549,0,,44,,,,,,,,,,,
2026-09-25T20:34:43.364,34.749,793.0,38,,98.094,24.706,-10.0,2.344,1.0,1.013,-0.008,5930,14.51,12.549,0,,,4.688,,,,,,,,,,
2026-09-25T20:34:43.492,34.878,788.75,38,,98.062,24.706,-10.0,2.344,1.0,1.012,-0.008,5950,14.51,12.549,0,,,,13.964,,,,,,,,,
2026-09-25T20:34:43.621,35.007,791.5,38,,98.062,24.706,-10.0,2.344,1.0,1.011,-0.008,5910,14.51,12.549,0,,,,,98,,,,,,,,
2026-09-25T20:34:43.751,35.137,791.75,38,,98.125,25.098,-10.0,2.344,1.0,1.011,-0.008,5920,14.51,12.157,0,,,,,,15,,,,,,,
2026-09-25T20:34:43.882,35.267,789.5,38,,98.156,23.922,-9.0,2.344,1.0,1.009,-0.012,5860,14.51,12.157,0,,,,,,,25.882,,,,,,
2026-09-25T20:34:44.012,35.397,790.25,37,,98.156,24.314,-10.0,2.344,1.0,1.007,-0.012,5700,14.51,12.549,0,,,,,,,,288.3,,,,,
2026-09-25T20:34:44.141,35.527,787.5,37,,98.094,24.706,-7.5,2.344,1.0,0.999,-0.023,5600,14.51,13.725,0,,,,,,,,,0.7,,,,
2026-09-25T20:34:44.272,35.657,804.5,38,,98.125,24.706,8.5,1.562,1.0,0.997,-0.027,5760,14.51,13.725,0,,,,,,,,,,,0.0,,
2026-09-25T20:34:44.401,35.787,879.0,49,,97.969,32.157,-11.0,1.562,1.0,0.996,-0.031,6230,14.51,13.333,0,,,,,,,,,,,,33.333,
2026-09-25T20:34:44.532,35.917,936.25,47,,98.094,30.98,-11.0,1.562,1.0,0.986,-0.055,6880,14.51,13.725,0,,,,,,,,,,,,,70
2026-09-25T20:34:44.662,36.048,943.0,46,,98.094,30.196,-5.5,0.0,1.0,0.964,-0.109,7560,14.51,14.118,0,83,,,,,,,,,,,,
2026-09-25T20:34:44.791,36.177,918.75,47,,98.094,32.549,-5.0,0.0,1.0,0.953,-0.133,8220,14.51,14.118,0,,44,,,,,,,,,,,
2026-09-25T20:34:44.921,36.307,876.5,51,,98.125,35.294,-4.0,-0.781,1.0,0.956,-0.129,8820,14.51,14.51,1,,,3.906,,,,,,,,,,
2026-09-25T20:34:45.051,36.437,855.0,55,,98.094,39.216,-4.0,-0.781,1.0,0.971,-0.094,9370,14.51,14.902,1,,,,13.945,,,,,,,,,
2026-09-25T20:34:45.182,36.567,834.5,57,,98.156,41.176,-4.0,0.0,1.0,0.977,-0.082,9780,14.51,14.51,2,,,,,98,,,,,,,,
2026-09-25T20:34:45.312,36.697,834.75,60,,98.188,42.353,-5.5,0.0,1.001,0.978,-0.078,10340,14.51,14.118,2,,,,,,15,,,,,,,
2026-09-25T20:34:45.441,36.827,835.5,58,,98.188,40.392,-5.5,-0.781,1.001,0.976,-0.086,10840,14.51,14.118,3,,,,,,,25.882,,,,,,
2026-09-25T20:34:45.572,36.958,838.5,58,,98.188,40.0,-6.0,-0.781,1.001,0.968,-0.102,11460,14.51,13.725,3,,,,,,,,288.4,,,,,
2026-09-25T20:34:45.701,37.087,842.75,56,,98.281,38.039,-7.0,-1.562,1.001,0.96,-0.117,12090,14.51,13.725,3,,,,,,,,,0.845,,,,
2026-09-25T20:34:45.832,37.218,850.5,54,,98.344,37.255,-8.0,-3.125,1.001,0.95,-0.141,12440,14.51,13.333,4,,,,,,,,,,,0.0,,
2026-09-25T20:34:45.962,37.348,848.5,53,,98.469,36.078,-7.5,-3.125,1.001,0.951,-0.137,12290,14.51,13.333,4,,,,,,,,,,,,36.863,
2026-09-25T20:34:46.091,37.477,852.25,51,,98.5,34.51,-8.0,-3.906,1.001,0.947,-0.148,11930,14.51,12.941,4,,,,,,,,,,,,,71
2026-09-25T20:34:46.222,37.608,851.75,49,,98.5,32.549,-7.0,-5.469,1.0,0.935,-0.176,11660,14.51,12.941,5,83,,,,,,,,,,,,
2026-09-25T20:34:46.351,37.737,848.0,48,,98.5,32.157,-7.0,-6.25,1.0,0.924,-0.199,11270,14.51,12.941,5,,44,,,,,,,,,,,
2026-09-25T20:34:46.482,37.867,853.75,48,,98.5,30.98,-8.5,-7.031,1.0,0.926,-0.199,10810,14.51,12.941,5,,,4.688,,,,,,,,,,
2026-09-25T20:34:46.612,37.997,854.75,46,,98.5,30.196,-8.5,-7.812,1.0,0.924,-0.203,10510,14.51,12.941,5,,,,13.945,,,,,,,,,
2026-09-25T20:34:46.741,38.127,856.5,46,,98.469,30.196,-8.5,-8.594,1.0,0.922,-0.207,10090,14.51,12.941,5,,,,,98,,,,,,,,
2026-09-25T20:34:46.872,38.257,861.0,46,,98.469,29.804,-9.0,-9.375,0.999,0.922,-0.207,9630,14.51,12.941,5,,,,,,15,,,,,,,
2026-09-25T20:34:47.001,38.387,866.25,45,,98.438,29.412,-9.0,-10.156,0.999,0.921,-0.211,9150,14.51,12.941,5,,,,,,,25.882,,,,,,
2026-09-25T20:34:47.132,38.517,864.5,45,,98.5,29.02,-9.5,-10.938,0.999,0.925,-0.199,8740,14.51,12.941,5,,,,,,,,288.6,,,,,
2026-09-25T20:34:47.262,38.648,866.5,44,,98.375,29.02,-10.5,-11.719,0.999,0.927,-0.195,8200,14.51,12.549,6,,,,,,,,,0.88,,,,
2026-09-25T20:34:47.392,38.777,864.75,44,,98.375,27.451,-5.0,-11.719,0.999,0.936,-0.176,7850,14.51,13.333,6,,,,,,,,,,,0.0,,
2026-09-25T20:34:47.521,38.907,866.5,45,,98.344,30.588,-8.5,-12.5,0.999,0.942,-0.16,7710,14.51,12.941,6,,,,,,,,,,,,30.196,
2026-09-25T20:34:47.651,39.037,880.25,44,,98.344,28.627,-11.5,-12.5,0.999,0.954,-0.133,7670,14.51,12.549,6,,,,,,,,,,,,,73
2026-09-25T20:34:47.782,39.167,875.0,43,,98.375,27.451,-8.5,-12.5,0.999,0.966,-0.105,7560,14.51,12.941,6,83,,,,,,,,,,,,
2026-09-25T20:34:47.912,39.297,861.0,44,,98.375,28.627,-10.5,-11.719,0.999,0.975,-0.086,7500,14.51,12.549,6,,44,,,,,,,,,,,
2026-09-25T20:34:48.042,39.427,857.75,43,,98.344,27.059,-8.5,-11.719,0.999,0.986,-0.055,7480,14.51,12.941,6,,,4.688,,,,,,,,,,
2026-09-25T20:34:48.172,39.558,848.0,44,,98.406,28.235,-8.0,-11.719,0.999,0.994,-0.035,7490,14.51,12.941,6,,,,13.964,,,,,,,,,
2026-09-25T20:34:48.302,39.687,841.25,44,,98.188,28.627,-7.5,-10.938,0.999,0.998,-0.023,7380,14.51,12.941,6,,,,,98,,,,,,,,
2026-09-25T20:34:48.431,39.817,839.25,43,,98.188,27.843,-8.5,-10.156,0.999,1.017,-0.004,7470,14.51,12.941,6,,,,,,15,,,,,,,
2026-09-25T20:34:48.562,39.948,842.75,42,,98.219,27.451,-8.0,-9.375,0.999,1.028,0.008,7420,14.51,12.941,6,,,,,,,25.882,,,,,,
2026-09-25T20:34:48.692,40.078,840.75,42,,98.219,27.451,-8.0,-9.375,0.999,1.035,0.016,7300,14.51,12.941,6,,,,,,,,289.5,,,,,
2026-09-25T20:34:48.821,40.207,839.5,42,,98.219,27.843,-7.0,-8.594,0.999,1.04,0.023,7230,14.51,12.941,6,,,,,,,,,0.815,,,,
2026-09-25T20:34:48.951,40.337,835.0,42,,98.188,27.843,-7.5,-7.812,0.999,1.044,0.027,7230,14.51,12.941,6,,,,,,,,,,,0.0,,
2026-09-25T20:34:49.082,40.468,838.75,42,,98.188,27.451,-8.5,-7.812,0.999,1.047,0.031,7260,14.51,12.549,6,,,,,,,,,,,,29.02,
2026-09-25T20:34:49.212,40.597,837.5,41,,98.188,27.059,-7.0,-7.812,0.999,1.039,0.023,7180,14.51,12.941,6,,,,,,,,,,,,,74
2026-09-25T20:34:49.342,40.727,844.0,42,,98.188,27.059,-8.0,-7.031,0.999,1.036,0.02,7070,14.51,12.941,6,83,,,,,,,,,,,,
2026-09-25T20:34:49.472,40.858,843.75,42,,98.188,27.451,-9.0,-7.031,0.999,1.038,0.02,7120,14.51,12.549,6,,44,,,,,,,,,,,
2026-09-25T20:34:49.602,40.987,844.5,42,,98.188,27.451,-8.5,-6.25,0.999,1.04,0.023,7170,14.51,12.549,6,,,4.688,,,,,,,,,,
2026-09-25T20:34:49.732,41.117,837.25,41,,98.188,26.275,-8.0,-6.25,0.999,1.035,0.016,7110,14.51,12.549,6,,,,13.984,,,,,,,,,
2026-09-25T20:34:49.862,41.248,831.5,42,,98.188,27.059,-5.5,-6.25,0.999,1.033,0.016,6980,14.51,13.333,6,,,,,98,,,,,,,,
2026-09-25T20:34:49.992,41.377,835.5,41,,98.281,27.843,-8.0,-5.469,0.999,1.037,0.02,6960,14.51,12.549,6,,,,,,15,,,,,,,
2026-09-25T20:34:50.122,41.508,838.5,42,,98.188,27.451,-7.0,-5.469,0.999,1.04,0.023,7100,14.51,12.941,6,,,,,,,25.882,,,,,,
2026-09-25T20:34:50.252,41.637,844.75,41,,98.188,26.667,-8.0,-4.688,0.999,1.039,0.023,7140,14.51,12.941,6,,,,,,,,290.3,,,,,
2026-09-25T20:34:50.382,41.767,841.25,42,,98.188,27.059,-8.5,-4.688,0.999,1.036,0.02,7210,14.51,12.941,6,,,,,,,,,0.755,,,,
2026-09-25T20:34:50.512,41.897,847.0,42,,98.188,27.451,-8.5,-4.688,0.999,1.036,0.02,7230,14.51,12.941,6,,,,,,,,,,,0.0,,
2026-09-25T20:34:50.642,42.027,846.75,42,,98.188,27.843,-9.0,-3.906,0.999,1.034,0.016,7320,14.51,12.941,6,,,,,,,,,,,,28.627,
2026-09-25T20:34:50.772,42.157,839.0,42,,98.188,27.059,-6.5,-3.906,0.999,1.032,0.012,7280,14.51,12.941,6,,,,,,,,,,,,,76
2026-09-25T20:34:50.902,42.288,840.0,42,,98.188,27.843,-8.5,-3.906,0.999,1.03,0.012,7280,14.51,12.941,6,84,,,,,,,,,,,,
2026-09-25T20:34:51.032,42.417,843.5,42,,98.188,27.451,-9.5,-3.125,0.999,1.03,0.012,7370,14.51,12.549,6,,44,,,,,,,,,,,
2026-09-25T20:34:51.162,42.548,844.25,42,,98.188,27.451,-8.0,-3.125,0.999,1.026,0.008,7300,14.51,12.941,6,,,4.688,,,,,,,,,,
2026-09-25T20:34:51.292,42.678,842.75,41,,98.188,26.667,-8.0,-3.125,0.999,1.026,0.008,7100,14.51,12.941,5,,,,13.945,,,,,,,,,
2026-09-25T20:34:51.422,42.807,839.0,42,,98.188,27.451,-7.5,-3.125,0.999,1.027,0.008,7100,14.51,12.941,6,,,,,98,,,,,,,,
2026-09-25T20:34:51.552,42.937,836.5,42,,98.188,27.059,-7.0,-2.344,0.999,1.029,0.012,7120,14.51,12.941,6,,,,,,15,,,,,,,
2026-09-25T20:34:51.682,43.067,848.0,42,,98.188,27.451,-9.5,-2.344,0.999,1.03,0.012,7160,14.51,12.549,5,,,,,,,25.882,,,,,,
2026-09-25T20:34:51.812,43.197,845.5,41,,98.188,26.275,-8.5,-2.344,0.999,1.03,0.012,7160,14.51,12.941,5,,,,,,,,291.3,,,,,
2026-09-25T20:34:51.942,43.327,844.0,41,,98.188,27.059,-8.5,-2.344,0.999,1.022,0.004,7040,14.51,12.941,5,,,,,,,,,0.66,,,,
2026-09-25T20:34:52.072,43.457,846.5,42,,98.188,27.451,-9.5,-2.344,0.999,1.021,0.0,7150,14.51,12.549,5,,,,,,,,,,,0.0,,
2026-09-25T20:34:52.202,43.587,845.5,42,,98.188,27.059,-9.5,-1.562,0.999,1.025,0.004,7190,14.51,12.549,5,,,,,,,,,,,,28.235,
2026-09-25T20:34:52.332,43.717,845.25,41,,98.188,26.667,-9.0,-1.562,0.999,1.024,0.004,7160,14.51,12.549,5,,,,,,,,,,,,,77
2026-09-25T20:34:52.462,43.848,843.5,41,,98.188,26.667,-8.5,-1.562,0.999,1.017,-0.004,6950,14.51,12.941,5,84,,,,,,,,,,,,
2026-09-25T20:34:52.592,43.978,844.5,41,,98.188,27.059,-9.5,-1.562,0.999,1.016,-0.004,6970,14.51,12.549,5,,43,,,,,,,,,,,
2026-09-25T20:34:52.721,44.107,849.25,41,,98.188,26.667,-10.0,-0.781,0.999,1.019,0.0,6960,14.51,12.549,5,,,4.688,,,,,,,,,,
2026-09-25T20:34:52.852,44.237,841.5,40,,98.188,26.275,-8.5,-0.781,0.999,1.017,-0.004,6900,14.51,12.549,5,,,,13.964,,,,,,,,,
2026-09-25T20:34:52.983,44.368,840.0,40,,98.188,25.882,-7.5,-0.781,0.999,1.013,-0.008,6720,14.51,12.941,5,,,,,98,,,,,,,,
2026-09-25T20:34:53.112,44.498,844.25,40,,98.188,26.667,-9.5,-0.781,0.999,1.011,-0.008,6590,14.51,12.549,5,,,,,,15,,,,,,,
2026-09-25T20:34:53.242,44.627,840.5,41,,98.188,26.667,-8.0,-0.781,0.999,1.014,-0.008,6660,14.51,12.549,5,,,,,,,25.882,,,,,,
2026-09-25T20:34:53.372,44.757,843.75,40,,98.188,26.275,-9.0,-0.781,0.999,1.016,-0.004,6630,14.51,12.549,5,,,,,,,,292.5,,,,,
2026-09-25T20:34:53.502,44.888,841.75,40,,98.188,25.882,-8.0,-0.781,0.999,1.016,-0.004,6480,14.51,12.549,5,,,,,,,,,0.66,,,,
2026-09-25T20:34:53.632,45.017,839.0,39,,98.188,25.882,-8.0,-0.781,1.0,1.014,-0.008,6350,14.51,12.549,5,,,,,,,,,,,0.0,,
2026-09-25T20:34:53.762,45.148,840.75,40,,98.188,25.882,-8.5,-0.781,1.0,1.015,-0.004,6370,14.51,12.549,5,,,,,,,,,,,,27.451,
2026-09-25T20:34:53.892,45.278,839.25,40,,98.188,25.49,-8.5,0.0,1.0,1.016,-0.004,6450,14.51,12.549,5,,,,,,,,,,,,,79
2026-09-25T20:34:54.022,45.407,842.0,40,,98.188,25.882,-8.5,0.0,1.0,1.018,-0.004,6380,14.51,12.549,5,84,,,,,,,,,,,,
2026-09-25T20:34:54.152,45.537,844.75,39,,98.188,25.49,-8.5,0.0,1.0,1.017,-0.004,6350,14.51,12.549,5,,43,,,,,,,,,,,
2026-09-25T20:34:54.282,45.668,845.25,39,,98.188,25.882,-9.0,0.0,1.0,1.014,-0.008,6380,14.51,12.549,5,,,4.688,,,,,,,,,,
2026-09-25T20:34:54.422,45.807,837.75,40,,98.188,25.882,-7.5,0.0,1.0,1.017,-0.004,6440,14.51,12.549,5,,,,13.886,,,,,,,,,
2026-09-25T20:34:54.552,45.938,840.25,40,,98.188,26.275,-8.0,0.0,1.0,1.019,0.0,6480,14.51,12.549,5,,,,,98,,,,,,,,
2026-09-25T20:34:54.682,46.067,842.25,40,,98.188,25.882,-8.5,0.0,1.0,1.021,0.0,6550,14.51,12.549,5,,,,,,15,,,,,,,
2026-09-25T20:34:54.812,46.198,843.25,40,,98.188,25.882,-9.0,0.0,1.0,1.017,-0.004,6560,14.51,12.549,5,,,,,,,25.882,,,,,,
2026-09-25T20:34:54.942,46.328,851.75,40,,98.188,25.49,-10.0,0.0,1.0,1.015,-0.004,6530,14.51,12.549,5,,,,,,,,293.6,,,,,
2026-09-25T20:34:55.072,46.458,842.75,39,,98.188,25.49,-7.5,0.0,1.0,1.013,-0.008,6520,14.51,12.549,5,,,,,,,,,0.53,,,,
2026-09-25T20:34:55.201,46.587,829.25,40,,98.188,26.275,-7.0,0.0,1.0,1.013,-0.008,6590,14.51,12.549,5,,,,,,,,,,,0.0,,
2026-09-25T20:34:55.332,46.717,836.5,41,,98.188,27.059,-8.5,0.0,1.0,1.009,-0.012,6710,14.51,12.549,5,,,,,,,,,,,,27.843,
2026-09-25T20:34:55.462,46.848,835.75,40,,98.188,26.275,-7.5,0.781,1.0,1.015,-0.004,6800,14.51,12.549,5,,,,,,,,,,,,,81
2026-09-25T20:34:55.592,46.977,845.5,41,,98.188,26.275,-8.5,0.781,1.0,1.013,-0.008,6780,14.51,12.549,5,84,,,,,,,,,,,,
2026-09-25T20:34:55.722,47.107,847.0,40,,98.188,25.882,-9.0,0.781,0.999,1.01,-0.012,6710,14.51,12.549,5,,43,,,,,,,,,,,
2026-09-25T20:34:55.852,47.237,849.5,40,,98.188,25.882,-10.0,0.781,0.999,1.009,-0.012,6590,14.51,12.157,5,,,4.688,,,,,,,,,,
2026-09-25T20:34:55.982,47.367,839.25,40,,98.188,24.706,-10.0,0.781,1.0,1.009,-0.012,6500,14.51,12.549,5,,,,13.984,,,,,,,,,
2026-09-25T20:34:56.112,47.497,821.75,39,,98.188,25.49,-6.5,0.781,1.0,1.007,-0.012,6300,14.51,12.941,5,,,,,98,,,,,,,,
2026-09-25T20:34:56.242,47.628,819.25,40,,98.188,26.667,-7.0,0.781,1.0,1.01,-0.012,6380,14.51,12.549,5,,,,,,15,,,,,,,
2026-09-25T20:34:56.372,47.757,820.25,40,,98.188,26.275,-7.5,0.781,1.0,1.015,-0.004,6510,14.51,12.549,5,,,,,,,25.882,,,,,,
2026-09-25T20:34:56.502,47.887,848.0,39,,98.188,25.098,-12.5,1.562,1.0,1.02,0.0,6510,14.51,12.157,4,,,,,,,,294.8,,,,,
2026-09-25T20:34:56.632,48.017,857.0,38,,98.188,23.922,-11.5,1.562,1.0,1.012,-0.008,6250,14.51,12.549,4,,,,,,,,,0.5,,,,
2026-09-25T20:34:56.763,48.148,862.25,36,,98.188,23.137,-10.0,0.781,1.0,0.998,-0.023,5970,14.51,12.549,4,,,,,,,,,,,0.0,,
2026-09-25T20:34:56.892,48.277,860.5,37,,98.188,23.922,-11.5,0.781,1.0,0.997,-0.027,5610,14.51,12.157,4,,,,,,,,,,,,25.098,
2026-09-25T20:34:57.022,48.407,843.0,37,,98.188,23.529,-10.0,0.781,1.0,1.0,-0.02,5510,14.51,12.549,4,,,,,,,,,,,,,82
2026-09-25T20:34:57.153,48.538,842.25,37,,98.188,23.922,-8.5,0.781,1.0,1.006,-0.016,5390,14.51,12.549,4,84,,,,,,,,,,,,
2026-09-25T20:34:57.282,48.667,846.5,37,,98.188,23.529,-10.0,1.562,1.0,1.009,-0.012,5300,14.51,12.549,4,,43,,,,,,,,,,,
2026-09-25T20:34:57.412,48.797,843.0,37,,98.188,23.922,-9.5,1.562,1.0,1.01,-0.012,5320,14.51,12.549,3,,,4.688,,,,,,,,,,
2026-09-25T20:34:57.543,48.928,837.25,37,,98.188,23.529,-7.5,1.562,1.0,1.011,-0.008,5390,14.51,12.549,3,,,,13.945,,,,,,,,,
2026-09-25T20:34:57.672,49.058,839.75,38,,98.188,24.314,-8.5,1.562,1.0,1.013,-0.008,5540,14.51,12.549,3,,,,,98,,,,,,,,
2026-09-25T20:34:57.801,49.187,842.0,38,,98.188,24.314,-9.5,1.562,1.0,1.013,-0.008,5780,14.51,12.549,3,,,,,,15,,,,,,,
2026-09-25T20:34:57.932,49.317,841.0,38,,98.188,24.314,-8.0,2.344,1.0,1.016,-0.004,5860,14.51,12.549,3,,,,,,,25.882,,,,,,
2026-09-25T20:34:58.062,49.448,846.5,37,,98.188,23.922,-9.0,2.344,1.0,1.011,-0.008,5810,14.51,12.549,3,,,,,,,,295.9,,,,,
2026-09-25T20:34:58.192,49.577,840.75,38,,98.188,24.706,-9.0,1.562,1.0,1.007,-0.012,5960,14.51,12.549,2,,,,,,,,,0.495,,,,
2026-09-25T20:34:58.322,49.707,845.5,38,,98.188,24.314,-8.5,2.344,1.0,1.012,-0.008,5980,14.51,12.549,2,,,,,,,,,,,0.0,,
2026-09-25T20:34:58.452,49.837,844.0,39,,98.188,25.098,-8.5,2.344,1.0,1.015,-0.004,6090,14.51,12.549,2,,,,,,,,,,,,26.667,
2026-09-25T20:34:58.582,49.967,847.0,39,,98.188,25.098,-9.0,2.344,1.0,1.015,-0.004,6260,14.51,12.549,2,,,,,,,,,,,,,84
2026-09-25T20:34:58.712,50.097,847.75,40,,98.188,25.882,-9.0,2.344,1.0,1.015,-0.004,6410,14.51,12.549,2,85,,,,,,,,,,,,
2026-09-25T20:34:58.842,50.228,851.0,40,,98.188,25.882,-10.0,2.344,1.0,1.012,-0.008,6520,14.51,12.549,1,,43,,,,,,,,,,,
2026-09-25T20:34:58.972,50.357,842.25,40,,98.188,25.882,-8.5,2.344,1.0,1.011,-0.008,6660,14.51,12.549,1,,,4.688,,,,,,,,,,
2026-09-25T20:34:59.101,50.487,843.75,40,,98.188,25.49,-7.0,2.344,1.0,1.008,-0.012,6690,14.51,13.333,1,,,,14.003,,,,,,,,,
2026-09-25T20:34:59.232,50.617,858.75,42,,98.188,28.235,-8.0,2.344,1.0,1.003,-0.016,6810,14.51,13.333,1,,,,,98,,,,,,,,
2026-09-25T20:34:59.362,50.748,880.0,43,,98.188,28.235,-9.0,2.344,1.0,1.001,-0.02,7190,14.51,12.941,1,,,,,,15,,,,,,,
2026-09-25T20:34:59.492,50.877,885.75,43,,98.188,27.451,-9.5,2.344,0.999,0.995,-0.031,7630,14.51,12.941,1,,,,,,,25.882,,,,,,
2026-09-25T20:34:59.621,51.007,886.0,41,,98.188,26.667,-9.0,2.344,0.999,0.993,-0.039,7670,14.51,12.549,1,,,,,,,,297.1,,,,,
2026-09-25T20:34:59.752,51.137,882.5,42,,98.188,27.451,-11.0,1.562,0.999,0.989,-0.047,7670,14.51,12.549,1,,,,,,,,,0.35,,,,
2026-09-25T20:34:59.882,51.267,852.25,41,,98.188,26.667,-10.0,1.562,0.999,0.989,-0.047,7400,14.51,12.549,1,,,,,,,,,,,0.0,,
2026-09-25T20:35:00.012,51.397,828.25,40,,98.188,26.275,-6.5,1.562,0.999,0.991,-0.043,6970,14.51,12.549,1,,,,,,,,,,,,27.843,
2026-09-25T20:35:00.142,51.528,818.75,41,,98.188,26.667,-9.0,1.562,0.999,0.993,-0.035,6690,14.51,12.157,0,,,,,,,,,,,,,85
2026-09-25T20:35:00.272,51.657,806.0,40,,98.188,25.882,-7.0,1.562,0.999,0.997,-0.027,6430,14.51,12.549,0,85,,,,,,,,,,,,
2026-09-25T20:35:00.402,51.787,790.5,40,,98.188,26.275,-7.5,2.344,0.999,1.001,-0.02,6190,14.51,12.549,0,,43,,,,,,,,,,,
2026-09-25T20:35:00.532,51.917,778.0,39,,98.188,25.882,-8.5,2.344,1.0,1.004,-0.016,6100,14.51,12.157,0,,,4.688,,,,,,,,,,
2026-09-25T20:35:00.662,52.048,763.75,39,,98.188,25.098,-5.5,2.344,1.0,1.009,-0.012,5880,14.51,12.549,0,,,,13.964,,,,,,,,,
2026-09-25T20:35:00.792,52.177,760.75,39,,98.188,26.667,-6.0,3.125,1.0,1.014,-0.008,5800,14.51,12.549,0,,,,,98,,,,,,,,
2026-09-25T20:35:00.922,52.307,759.0,41,,98.188,26.667,-7.0,3.125,1.0,1.021,0.0,6010,14.51,12.549,0,,,,,,15,,,,,,,
2026-09-25T20:35:01.052,52.438,772.5,41,,98.188,26.275,-9.0,3.125,1.0,1.025,0.004,6230,14.51,12.157,0,,,,,,,25.882,,,,,,
2026-09-25T20:35:01.182,52.567,773.5,40,,98.188,26.275,-8.5,3.906,1.0,1.023,0.004,6290,14.51,12.157,0,,,,,,,,298.1,,,,,
2026-09-25T20:35:01.312,52.697,772.0,39,,98.188,25.49,-8.5,3.906,1.0,1.02,0.0,6270,14.51,12.157,0,,,,,,,,,0.69,,,,
2026-09-25T20:35:01.442,52.828,776.0,39,,98.188,25.49,-8.0,3.906,1.0,1.014,-0.008,6140,14.51,12.549,0,,,,,,,,,,,0.0,,
2026-09-25T20:35:01.572,52.958,776.5,39,,98.188,25.49,-8.0,3.906,1.0,1.011,-0.008,6110,14.51,12.549,0,,,,,,,,,,,,26.667,
2026-09-25T20:35:01.702,53.087,779.5,40,,98.188,26.275,-10.0,3.906,1.0,1.014,-0.008,6110,14.51,12.549,0,,,,,,,,,,,,,87
2026-09-25T20:35:01.832,53.217,775.0,40,,98.188,26.275,-8.5,3.906,1.0,1.012,-0.008,6240,14.51,12.157,0,85,,,,,,,,,,,,
2026-09-25T20:35:01.962,53.348,777.0,39,,98.188,25.882,-8.0,3.906,1.0,1.012,-0.008,6280,14.51,12.549,0,,43,,,,,,,,,,,
2026-09-25T20:35:02.092,53.478,780.0,39,,98.188,25.882,-9.5,3.906,1.0,1.009,-0.012,6260,14.51,12.549,0,,,4.688,,,,,,,,,,
2026-09-25T20:35:02.222,53.607,777.5,40,,98.188,25.882,-8.5,3.906,1.0,1.009,-0.012,6220,14.51,12.549,0,,,,13.906,,,,,,,,,
2026-09-25T20:35:02.351,53.737,782.25,40,,98.156,26.275,-8.5,3.906,1.0,1.009,-0.012,6220,14.51,12.549,0,,,,,98,,,,,,,,
2026-09-25T20:35:02.482,53.867,779.5,39,,98.188,24.314,-10.0,3.906,1.0,1.005,-0.016,6200,14.51,11.765,0,,,,,,15,,,,,,,
2026-09-25T20:35:02.612,53.997,783.25,36,,98.188,22.353,-6.0,3.906,1.0,1.001,-0.02,6050,14.51,11.765,0,,,,,,,25.882,,,,,,
2026-09-25T20:35:02.743,54.128,797.0,35,,98.188,21.961,-8.5,3.906,1.0,0.999,-0.023,5690,14.51,11.765,0,,,,,,,,299.2,,,,,
2026-09-25T20:35:02.872,54.258,800.75,32,,98.188,19.608,-4.0,3.125,1.0,0.997,-0.027,5390,14.51,11.765,0,,,,,,,,,0.53,,,,
2026-09-25T20:35:03.002,54.388,794.25,30,,98.188,18.431,-0.5,3.125,1.0,0.996,-0.027,5060,14.51,11.765,0,,,,,,,,,,,0.0,,
2026-09-25T20:35:03.132,54.517,793.5,30,,98.156,18.431,-1.0,3.906,1.0,0.999,-0.023,4600,14.51,11.373,0,,,,,,,,,,,,19.608,
2026-09-25T20:35:03.262,54.648,792.5,30,,98.156,19.216,2.5,3.906,1.001,0.999,-0.023,4260,14.51,11.765,0,,,,,,,,,,,,,88
2026-09-25T20:35:03.391,54.777,797.0,30,,98.188,18.431,1.5,3.125,1.001,0.996,-0.027,3820,14.51,11.765,0,85,,,,,,,,,,,,
2026-09-25T20:35:03.522,54.907,794.25,30,,98.156,18.039,0.5,3.125,1.001,0.994,-0.035,3520,14.51,11.373,0,,43,,,,,,,,,,,
2026-09-25T20:35:03.651,55.037,789.0,30,,98.094,18.824,4.5,3.125,1.001,0.994,-0.035,3310,14.51,12.157,0,,,5.469,,,,,,,,,,
2026-09-25T20:35:03.782,55.168,796.75,29,,98.156,18.824,-1.5,3.125,1.001,0.995,-0.031,3270,14.51,11.765,0,,,,13.964,,,,,,,,,
2026-09-25T20:35:03.913,55.298,794.5,30,,98.094,18.039,0.5,3.125,1.001,0.998,-0.023,3320,14.51,11.765,0,,,,,98,,,,,,,,
2026-09-25T20:35:04.043,55.428,793.5,29,,98.094,18.039,2.5,3.125,1.001,1.002,-0.02,3370,14.51,11.765,0,,,,,,15,,,,,,,
2026-09-25T20:35:04.172,55.557,797.25,29,,98.094,18.039,-1.0,3.125,1.001,1.004,-0.016,3450,14.51,11.765,0,,,,,,,25.882,,,,,,
2026-09-25T20:35:04.302,55.687,797.25,30,,98.156,18.431,-1.0,3.906,1.001,1.005,-0.016,3530,14.51,11.765,0,,,,,,,,299.9,,,,,
2026-09-25T20:35:04.431,55.817,790.75,30,,98.125,17.647,4.0,3.906,1.001,1.0,-0.02,3560,14.51,12.157,0,,,,,,,,,0.72,,,,
2026-09-25T20:35:04.562,55.948,786.0,29,,98.094,17.647,0.5,3.125,1.001,0.997,-0.027,3620,14.51,11.765,0,,,,,,,,,,,0.0,,
2026-09-25T20:35:04.692,56.077,799.0,31,,98.156,18.039,-1.0,3.125,1.001,0.997,-0.027,3640,14.51,11.765,0,,,,,,,,,,,,18.824,
2026-09-25T20:35:04.822,56.207,805.25,30,,98.156,18.039,-2.0,3.125,1.001,0.996,-0.031,3660,14.51,11.765,0,,,,,,,,,,,,,90
2026-09-25T20:35:04.951,56.337,805.75,31,,98.125,19.216,-2.0,3.125,1.001,0.995,-0.031,3690,14.51,12.157,0,85,,,,,,,,,,,,
2026-09-25T20:35:05.082,56.467,805.5,30,,98.094,18.431,-4.0,3.125,1.001,0.994,-0.035,3690,14.51,11.765,0,,43,,,,,,,,,,,
2026-09-25T20:35:05.212,56.597,804.0,30,,98.125,18.431,-1.5,3.125,1.001,0.993,-0.035,3690,14.51,11.765,0,,,6.25,,,,,,,,,,
2026-09-25T20:35:05.343,56.728,801.0,30,,98.125,18.039,-1.0,3.125,1.001,0.992,-0.039,3670,14.51,11.765,0,,,,14.003,,,,,,,,,
2026-09-25T20:35:05.472,56.858,800.75,29,,98.094,17.647,-0.5,3.125,1.001,0.991,-0.043,3650,14.51,11.765,0,,,,,98,,,,,,,,
2026-09-25T20:35:05.602,56.987,802.0,30,,98.156,18.039,-2.0,2.344,1.001,0.99,-0.047,3660,14.51,11.765,0,,,,,,15,,,,,,,
2026-09-25T20:35:05.732,57.117,803.25,30,,98.031,18.039,-1.5,2.344,1.001,0.989,-0.051,3670,14.51,11.765,0,,,,,,,25.882,,,,,,
2026-09-25T20:35:05.862,57.248,804.5,30,,98.062,18.431,-2.0,2.344,1.001,0.987,-0.051,3670,14.51,11.765,0,,,,,,,,300.5,,,,,
2026-09-25T20:35:05.992,57.377,803.25,30,,98.094,17.647,-1.0,2.344,1.001,0.987,-0.051,3660,14.51,11.765,0,,,,,,,,,0.73,,,,
2026-09-25T20:35:06.122,57.508,806.0,30,,98.062,18.431,-1.0,2.344,1.001,0.989,-0.047,3670,14.51,11.765,0,,,,,,,,,,,0.0,,
2026-09-25T20:35:06.251,57.637,811.0,30,,98.094,18.431,-2.5,2.344,1.001,0.989,-0.047,3680,14.51,11.765,0,,,,,,,,,,,,19.216,
2026-09-25T20:35:06.383,57.768,808.5,30,,98.125,18.431,-2.5,2.344,1.001,0.99,-0.047,3690,14.51,11.765,0,,,,,,,,,,,,,91
2026-09-25T20:35:06.511,57.897,808.5,30,,98.094,18.431,-4.0,2.344,1.001,0.992,-0.039,3690,14.51,11.765,0,86,,,,,,,,,,,,
2026-09-25T20:35:06.642,58.028,807.0,30,,98.125,18.431,-3.0,2.344,1.001,0.993,-0.035,3700,14.51,11.765,0,,43,,,,,,,,,,,
2026-09-25T20:35:06.772,58.158,803.25,30,,98.094,18.039,-1.5,2.344,1.001,0.993,-0.039,3700,14.51,11.765,0,,,5.469,,,,,,,,,,
2026-09-25T20:35:06.902,58.288,801.0,30,,98.062,18.039,-2.0,2.344,1.001,0.99,-0.043,3690,14.51,11.765,0,,,,13.964,,,,,,,,,
2026-09-25T20:35:07.032,58.417,804.5,29,,98.125,18.039,-1.0,2.344,1.001,0.99,-0.043,3660,14.51,11.765,0,,,,,98,,,,,,,,
2026-09-25T20:35:07.162,58.548,806.5,30,,98.094,18.039,-1.5,1.562,1.001,0.988,-0.051,3650,14.51,11.765,0,,,,,,15,,,,,,,
2026-09-25T20:35:07.292,58.677,800.25,30,,98.062,18.431,-2.0,1.562,1.001,0.987,-0.051,3660,14.51,11.765,0,,,,,,,25.882,,,,,,
2026-09-25T20:35:07.422,58.808,794.0,30,,98.125,18.431,0.5,1.562,1.001,0.987,-0.051,3640,14.51,11.765,0,,,,,,,,301.0,,,,,
2026-09-25T20:35:07.551,58.937,797.25,30,,98.094,18.431,0.5,1.562,1.001,0.989,-0.047,3640,14.51,11.765,0,,,,,,,,,0.735,,,,
2026-09-25T20:35:07.682,59.067,798.0,30,,98.062,18.431,-1.0,1.562,1.001,0.991,-0.043,3630,14.51,11.765,0,,,,,,,,,,,0.0,,
2026-09-25T20:35:07.811,59.197,799.0,30,,98.031,18.431,-1.5,1.562,1.001,0.992,-0.039,3640,14.51,11.765,0,,,,,,,,,,,,18.824,
2026-09-25T20:35:07.942,59.328,798.0,30,,98.031,18.039,-1.0,1.562,1.001,0.992,-0.039,3630,14.51,11.765,0,,,,,,,,,,,,,93
2026-09-25T20:35:08.072,59.457,796.75,30,,97.969,18.039,0.0,1.562,1.001,0.993,-0.039,3620,14.51,11.765,0,86,,,,,,,,,,,,
2026-09-25T20:35:08.202,59.587,798.5,29,,98.0,18.039,-0.5,1.562,1.001,0.992,-0.039,3600,14.51,11.765,0,,43,,,,,,,,,,,
2026-09-25T20:35:08.332,59.717,798.75,30,,97.969,18.431,-2.0,1.562,1.001,0.989,-0.047,3640,14.51,11.765,0,,,6.25,,,,,,,,,,
2026-09-25T20:35:08.462,59.848,800.25,30,,97.938,18.431,-2.5,1.562,1.001,0.989,-0.047,3670,14.51,11.765,0,,,,13.984,,,,,,,,,
2026-09-25T20:35:08.592,59.978,800.25,30,,97.938,18.431,-2.5,1.562,1.001,0.99,-0.047,3670,14.51,11.765,0,,,,,98,,,,,,,,
2026-09-25T20:35:08.722,60.108,799.25,30,,97.938,18.039,-1.5,1.562,1.001,0.992,-0.039,3660,14.51,11.765,0,,,,,,15,,,,,,,
2026-09-25T20:35:08.851,60.237,800.5,29,,98.062,18.039,-1.0,0.781,1.001,0.991,-0.043,3660,14.51,11.765,0,,,,,,,25.882,,,,,,
2026-09-25T20:35:08.982,60.368,794.75,30,,98.0,18.431,0.0,0.781,1.001,0.991,-0.043,3650,14.51,11.765,0,,,,,,,,301.5,,,,,
2026-09-25T20:35:09.111,60.497,799.25,30,,98.031,18.039,-1.0,0.781,1.001,0.992,-0.039,3640,14.51,11.765,0,,,,,,,,,0.74,,,,
2026-09-25T20:35:09.242,60.628,802.5,30,,97.938,18.431,-1.0,0.781,1.001,0.993,-0.039,3670,14.51,11.765,0,,,,,,,,,,,0.0,,
2026-09-25T20:35:09.372,60.757,797.5,30,,98.062,18.431,-1.5,0.781,1.001,0.994,-0.035,3670,14.51,11.765,0,,,,,,,,,,,,18.431,
2026-09-25T20:35:09.502,60.888,800.0,29,,98.062,18.039,0.0,0.781,1.001,0.994,-0.035,3650,14.51,11.765,0,,,,,,,,,,,,,95
2026-09-25T20:35:09.642,61.028,800.5,30,,98.031,18.431,-2.0,0.781,1.001,0.994,-0.035,3680,14.51,11.765,0,86,,,,,,,,,,,,
2026-09-25T20:35:09.772,61.158,799.25,30,,98.031,18.431,-1.0,0.781,1.001,0.992,-0.039,3660,14.51,11.765,0,,43,,,,,,,,,,,
2026-09-25T20:35:09.902,61.288,798.75,30,,98.0,18.039,-1.0,0.781,1.001,0.993,-0.039,3620,14.51,11.765,0,,,6.25,,,,,,,,,,
2026-09-25T20:35:10.032,61.417,802.25,30,,98.0,18.431,-3.5,0.781,1.001,0.993,-0.039,3680,14.51,11.765,0,,,,13.886,,,,,,,,,
2026-09-25T20:35:10.162,61.548,803.25,30,,98.031,18.039,-1.0,0.781,1.001,0.993,-0.039,3660,14.51,11.765,0,,,,,98,,,,,,,,
2026-09-25T20:35:10.291,61.677,800.75,30,,98.031,17.647,-1.0,0.781,1.001,0.993,-0.039,3650,14.51,11.765,0,,,,,,15,,,,,,,
2026-09-25T20:35:10.422,61.807,798.5,29,,98.094,18.039,-1.0,0.781,1.001,0.992,-0.039,3630,14.51,11.765,0,,,,,,,25.882,,,,,,
2026-09-25T20:35:10.551,61.937,791.75,29,,98.062,18.039,2.0,0.781,1.001,0.992,-0.039,3630,14.51,11.765,0,,,,,,,,301.9,,,,,
2026-09-25T20:35:10.682,62.067,792.25,29,,98.125,18.039,2.5,0.781,1.001,0.991,-0.043,3620,14.51,11.765,0,,,,,,,,,0.74,,,,
2026-09-25T20:35:10.811,62.197,792.0,30,,98.062,18.039,1.0,0.0,1.001,0.991,-0.043,3640,14.51,11.765,0,,,,,,,,,,,0.0,,
2026-09-25T20:35:10.942,62.327,795.25,30,,98.094,18.431,-0.5,0.781,1.001,0.992,-0.039,3650,14.51,11.765,0,,,,,,,,,,,,18.824,
2026-09-25T20:35:11.072,62.457,797.5,30,,98.125,18.039,0.5,0.0,1.001,0.992,-0.039,3640,14.51,11.765,0,,,,,,,,,,,,,96
2026-09-25T20:35:11.201,62.587,794.5,30,,98.094,18.039,0.5,0.781,1.001,0.994,-0.035,3630,14.51,11.765,0,86,,,,,,,,,,,,
2026-09-25T20:35:11.331,62.716,793.0,30,,98.094,18.039,0.5,0.0,1.001,0.994,-0.035,3630,14.51,11.765,0,,43,,,,,,,,,,,
2026-09-25T20:35:11.461,62.847,792.75,30,,98.062,18.039,1.5,0.0,1.001,0.995,-0.035,3640,14.51,11.765,0,,,6.25,,,,,,,,,,
2026-09-25T20:35:11.591,62.976,794.25,30,,98.0,18.039,0.5,0.0,1.001,0.995,-0.031,3620,14.51,11.765,0,,,,14.042,,,,,,,,,
2026-09-25T20:35:11.721,63.107,796.25,30,,98.031,18.039,0.0,0.0,1.001,0.995,-0.031,3620,14.51,11.765,0,,,,,98,,,,,,,,
2026-09-25T20:35:11.850,63.236,797.0,30,,98.062,18.039,-1.0,0.0,1.001,0.996,-0.031,3630,14.51,11.765,0,,,,,,16,,,,,,,
2026-09-25T20:35:11.982,63.367,798.25,30,,98.031,18.039,0.0,0.0,1.001,0.994,-0.035,3630,14.51,11.765,0,,,,,,,25.882,,,,,,
2026-09-25T20:35:12.110,63.496,798.25,30,,98.062,18.039,-1.0,0.0,1.001,0.995,-0.031,3630,14.51,11.765,0,,,,,,,,302.3,,,,,
2026-09-25T20:35:12.241,63.627,794.75,30,,98.094,18.039,0.0,0.0,1.001,0.996,-0.031,3640,14.51,11.765,0,,,,,,,,,0.75,,,,
2026-09-25T20:35:12.370,63.756,797.25,30,,98.0,18.039,-0.5,0.0,1.001,0.995,-0.031,3640,14.51,11.765,0,,,,,,,,,,,0.0,,
2026-09-25T20:35:12.501,63.886,799.5,30,,98.062,18.039,-1.5,0.0,1.001,0.994,-0.035,3650,14.51,11.765,0,,,,,,,,,,,,18.431,
2026-09-25T20:35:12.630,64.016,795.25,30,,98.062,18.039,0.0,0.0,1.001,0.995,-0.035,3640,14.51,11.765,0,,,,,,,,,,,,,98
2026-09-25T20:35:12.760,64.146,797.0,30,,98.031,18.039,-0.5,0.0,1.001,0.996,-0.031,3630,14.51,11.765,0,86,,,,,,,,,,,,
2026-09-25T20:35:12.890,64.276,797.5,30,,98.031,17.647,-1.0,0.0,1.001,0.996,-0.031,3620,14.51,11.765,0,,43,,,,,,,,,,,
2026-09-25T20:35:13.020,64.406,793.5,30,,98.0,18.039,0.0,0.0,1.001,0.996,-0.031,3630,14.51,11.765,0,,,6.25,,,,,,,,,,
2026-09-25T20:35:13.149,64.535,794.0,30,,98.0,18.039,0.5,0.0,1.001,0.996,-0.031,3640,14.51,11.765,0,,,,14.042,,,,,,,,,
2026-09-25T20:35:13.280,64.666,794.25,30,,98.094,18.039,0.5,0.0,1.001,0.997,-0.027,3640,14.51,11.765,0,,,,,98,,,,,,,,
2026-09-25T20:35:13.410,64.795,795.0,30,,98.094,18.039,0.0,0.0,1.001,0.997,-0.027,3630,14.51,11.765,0,,,,,,16,,,,,,,
2026-09-25T20:35:13.540,64.926,796.75,30,,98.094,18.039,0.0,0.0,1.001,0.997,-0.027,3630,14.51,11.765,0,,,,,,,25.882,,,,,,
2026-09-25T20:35:13.670,65.056,798.0,29,,98.031,18.039,-0.5,0.0,1.001,0.997,-0.027,3620,14.51,11.765,0,,,,,,,,302.6,,,,,
2026-09-25T20:35:13.800,65.186,795.75,30,,98.031,18.039,0.0,0.0,1.001,0.997,-0.027,3610,14.51,11.765,0,,,,,,,,,0.755,,,,
2026-09-25T20:35:13.929,65.315,796.5,29,,98.0,18.039,0.0,0.0,1.001,0.998,-0.023,3620,14.51,11.765,0,,,,,,,,,,,0.0,,
2026-09-25T20:35:14.060,65.446,795.5,29,,98.094,18.039,0.5,0.0,1.001,0.999,-0.023,3620,14.51,11.765,0,,,,,,,,,,,,18.824,
2026-09-25T20:35:14.189,65.575,792.5,30,,98.0,18.039,1.0,0.0,1.001,0.999,-0.023,3640,14.51,11.765,0,,,,,,,,,,,,,99
2026-09-25T20:35:14.320,65.705,792.25,29,,98.031,18.039,1.5,0.0,1.001,1.001,-0.02,3640,14.51,11.765,0,86,,,,,,,,,,,,
2026-09-25T20:35:14.449,65.835,793.25,30,,98.062,18.039,1.0,0.0,1.001,1.003,-0.016,3640,14.51,11.765,0,,44,,,,,,,,,,,
2026-09-25T20:35:14.580,65.966,795.25,30,,98.0,18.039,1.0,0.0,1.001,1.005,-0.016,3640,14.51,11.765,0,,,6.25,,,,,,,,,,
2026-09-25T20:35:14.719,66.105,795.5,30,,98.031,18.431,-1.0,0.0,1.001,1.006,-0.016,3650,14.51,11.765,0,,,,13.984,,,,,,,,,
2026-09-25T20:35:14.849,66.234,797.0,30,,98.0,18.039,-1.0,0.781,1.001,1.007,-0.012,3640,14.51,11.765,0,,,,,98,,,,,,,,
2026-09-25T20:35:14.980,66.366,795.75,29,,98.0,18.039,-1.0,0.781,1.001,1.008,-0.012,3650,14.51,11.765,0,,,,,,16,,,,,,,
2026-09-25T20:35:15.109,66.495,795.75,29,,98.0,17.647,0.5,0.781,1.001,1.008,-0.012,3640,14.51,11.765,0,,,,,,,25.882,,,,,,
2026-09-25T20:35:15.239,66.625,798.25,29,,97.969,17.647,-0.5,0.781,1.001,1.005,-0.016,3630,14.51,11.765,0,,,,,,,,302.9,,,,,
2026-09-25T20:35:15.369,66.755,797.5,29,,97.969,18.039,-1.0,0.781,1.001,1.003,-0.016,3630,14.51,11.765,0,,,,,,,,,0.75,,,,
2026-09-25T20:35:15.499,66.885,796.0,30,,97.969,18.431,-1.0,0.781,1.001,1.003,-0.016,3640,14.51,11.765,0,,,,,,,,,,,0.0,,
2026-09-25T20:35:15.629,67.015,795.5,29,,98.125,18.039,0.5,0.781,1.001,1.003,-0.016,3640,14.51,11.765,0,,,,,,,,,,,,18.431,
2026-09-25T20:35:15.759,67.145,796.0,29,,98.062,17.647,0.5,0.781,1.001,1.007,-0.012,3620,14.51,11.765,0,,,,,,,,,,,,,101
2026-09-25T20:35:15.888,67.274,798.25,29,,98.062,18.431,-1.0,0.781,1.001,1.005,-0.016,3610,14.51,11.765,0,86,,,,,,,,,,,,
2026-09-25T20:35:16.019,67.404,797.0,30,,98.062,18.039,-1.5,0.781,1.001,1.006,-0.016,3620,14.51,11.765,0,,43,,,,,,,,,,,
2026-09-25T20:35:16.148,67.534,797.25,30,,98.031,18.039,-1.0,0.781,1.001,1.005,-0.016,3610,14.51,11.765,0,,,6.25,,,,,,,,,,
2026-09-25T20:35:16.279,67.665,795.5,29,,97.969,17.647,0.5,0.781,1.001,1.005,-0.016,3600,14.51,11.765,0,,,,14.003,,,,,,,,,
2026-09-25T20:35:16.408,67.794,795.0,29,,97.969,18.039,-0.5,0.781,1.001,1.005,-0.016,3610,14.51,11.765,0,,,,,98,,,,,,,,
2026-09-25T20:35:16.539,67.925,799.75,29,,98.0,18.039,-1.0,0.781,1.001,1.004,-0.016,3620,14.51,11.765,0,,,,,,16,,,,,,,
2026-09-25T20:35:16.669,68.054,800.75,29,,98.062,18.039,-1.0,0.781,1.001,1.004,-0.016,3640,14.51,11.765,0,,,,,,,25.882,,,,,,
2026-09-25T20:35:16.799,68.184,800.5,29,,97.969,18.039,-2.0,0.781,1.001,1.003,-0.016,3640,14.51,11.765,0,,,,,,,,303.1,,,,,
2026-09-25T20:35:16.928,68.314,798.0,29,,98.031,18.039,-1.0,0.781,1.001,1.001,-0.02,3630,14.51,11.765,0,,,,,,,,,0.74,,,,
2026-09-25T20:35:17.059,68.444,797.75,29,,98.031,18.039,-0.5,0.781,1.001,1.0,-0.02,3610,14.51,11.765,0,,,,,,,,,,,0.0,,
2026-09-25T20:35:17.188,68.574,795.0,29,,98.0,17.647,0.0,0.781,1.001,1.0,-0.02,3610,14.51,11.765,0,,,,,,,,,,,,19.216,
2026-09-25T20:35:17.318,68.704,793.75,30,,98.0,18.824,-1.0,0.781,1.001,1.002,-0.02,3620,14.51,11.765,0,,,,,,,,,,,,,102
2026-09-25T20:35:17.448,68.834,793.5,30,,98.062,18.039,2.0,0.781,1.001,1.003,-0.016,3640,14.51,11.765,0,86,,,,,,,,,,,,
2026-09-25T20:35:17.579,68.965,794.75,29,,98.062,18.824,-0.5,0.781,1.001,1.006,-0.016,3630,14.51,11.765,0,,43,,,,,,,,,,,
2026-09-25T20:35:17.708,69.093,795.5,30,,98.0,18.824,-2.5,0.781,1.001,1.008,-0.012,3630,14.51,11.765,0,,,6.25,,,,,,,,,,
2026-09-25T20:35:17.838,69.224,797.75,30,,98.031,18.039,-1.0,0.781,1.001,1.009,-0.012,3640,14.51,11.765,0,,,,14.003,,,,,,,,,
2026-09-25T20:35:17.968,69.353,802.0,29,,98.094,18.039,-1.5,1.562,1.001,1.009,-0.012,3640,14.51,11.765,0,,,,,98,,,,,,,,
2026-09-25T20:35:18.098,69.484,800.75,29,,97.938,17.647,-1.0,0.781,1.001,1.007,-0.012,3640,14.51,11.765,0,,,,,,16,,,,,,,
2026-09-25T20:35:18.238,69.624,798.75,30,,97.969,18.431,-2.5,0.781,1.001,1.003,-0.016,3640,14.51,11.765,0,,,,,,,25.882,,,,,,
2026-09-25T20:35:18.368,69.753,798.0,29,,98.031,18.039,-1.0,0.781,1.001,0.999,-0.023,3640,14.51,11.765,0,,,,,,,,303.4,,,,,
2026-09-25T20:35:18.498,69.884,795.75,29,,98.094,17.647,0.5,0.781,1.001,0.999,-0.023,3600,14.51,11.765,0,,,,,,,,,0.74,,,,
2026-09-25T20:35:18.628,70.013,800.25,30,,98.094,18.431,-1.5,0.781,1.001,0.999,-0.02,3640,14.51,11.765,0,,,,,,,,,,,0.0,,
2026-09-25T20:35:18.758,70.144,795.25,29,,98.0,17.647,-1.0,0.781,1.001,0.999,-0.023,3600,14.51,11.765,0,,,,,,,,,,,,18.039,
2026-09-25T20:35:18.887,70.273,792.0,29,,98.031,17.255,1.5,0.781,1.001,0.999,-0.023,3590,14.51,11.765,0,,,,,,,,,,,,,104
2026-09-25T20:35:19.018,70.403,789.75,29,,97.938,17.647,2.0,0.781,1.001,0.999,-0.023,3590,14.51,11.765,0,87,,,,,,,,,,,,
2026-09-25T20:35:19.148,70.534,798.0,29,,98.0,17.255,-0.5,0.781,1.001,1.002,-0.02,3600,14.51,11.765,0,,43,,,,,,,,,,,
2026-09-25T20:35:19.278,70.664,796.75,29,,98.0,18.039,-2.0,0.781,1.001,1.005,-0.016,3610,14.51,11.765,0,,,6.25,,,,,,,,,,
2026-09-25T20:35:19.407,70.793,791.25,29,,98.0,17.647,0.5,0.781,1.001,1.004,-0.016,3610,14.51,11.765,0,,,,13.945,,,,,,,,,
2026-09-25T20:35:19.538,70.923,794.0,29,,98.0,17.255,0.5,0.781,1.001,1.002,-0.02,3600,14.51,11.765,0,,,,,98,,,,,,,,
2026-09-25T20:35:19.667,71.053,801.25,29,,97.969,17.647,-0.5,0.781,1.001,1.0,-0.02,3620,14.51,11.765,0,,,,,,16,,,,,,,
2026-09-25T20:35:19.807,71.193,801.0,29,,97.969,17.647,-2.5,0.781,1.001,0.999,-0.023,3630,14.51,11.765,0,,,,,,,25.882,,,,,,
2026-09-25T20:35:19.938,71.323,798.75,29,,97.969,18.039,-2.5,0.781,1.001,0.998,-0.027,3620,14.51,11.765,0,,,,,,,,303.6,,,,,
2026-09-25T20:35:20.068,71.453,796.75,29,,98.031,17.255,0.0,0.781,1.001,0.997,-0.027,3600,14.51,11.765,0,,,,,,,,,0.74,,,,
2026-09-25T20:35:20.197,71.583,797.25,29,,98.0,17.255,-0.5,0.781,1.001,0.996,-0.031,3580,14.51,11.765,0,,,,,,,,,,,0.0,,
2026-09-25T20:35:20.327,71.712,795.75,29,,98.0,17.255,0.5,0.781,1.001,0.997,-0.027,3580,14.51,11.765,0,,,,,,,,,,,,18.039,
2026-09-25T20:35:20.458,71.843,796.25,29,,97.938,17.255,0.5,0.781,1.001,0.997,-0.027,3560,14.51,11.765,0,,,,,,,,,,,,,106
2026-09-25T20:35:20.586,71.972,796.75,29,,97.969,17.647,0.0,0.781,1.001,0.996,-0.031,3560,14.51,11.765,0,87,,,,,,,,,,,,
2026-09-25T20:35:20.717,72.103,794.0,29,,98.0,17.255,0.5,0.781,1.001,0.998,-0.027,3570,14.51,11.765,0,,43,,,,,,,,,,,
2026-09-25T20:35:20.847,72.233,793.75,29,,98.0,17.647,1.0,0.781,1.001,0.998,-0.023,3580,14.51,11.765,0,,,6.25,,,,,,,,,,
2026-09-25T20:35:20.978,72.364,793.0,29,,97.969,17.647,1.0,0.781,1.001,0.998,-0.023,3560,14.51,11.765,0,,,,13.984,,,,,,,,,
2026-09-25T20:35:21.107,72.492,794.0,29,,97.938,17.647,0.5,0.781,1.001,0.998,-0.023,3570,14.51,11.765,0,,,,,98,,,,,,,,
2026-09-25T20:35:21.237,72.623,790.75,29,,97.969,17.647,2.0,0.781,1.001,0.999,-0.023,3590,14.51,11.765,0,,,,,,16,,,,,,,
2026-09-25T20:35:21.367,72.752,793.5,29,,98.0,18.039,0.5,0.781,1.001,0.999,-0.023,3580,14.51,11.765,0,,,,,,,25.882,,,,,,
2026-09-25T20:35:21.497,72.883,795.0,29,,97.969,17.647,0.0,0.781,1.001,0.997,-0.027,3580,14.51,11.765,0,,,,,,,,303.9,,,,,
2026-09-25T20:35:21.626,73.012,797.0,29,,98.031,17.647,-0.5,0.781,1.001,0.998,-0.027,3580,14.51,11.765,0,,,,,,,,,0.745,,,,
2026-09-25T20:35:21.757,73.143,797.5,29,,98.031,17.647,0.5,0.781,1.001,0.996,-0.031,3570,14.51,11.765,0,,,,,,,,,,,0.0,,
2026-09-25T20:35:21.886,73.272,794.25,29,,98.031,17.647,0.5,0.781,1.001,0.995,-0.031,3570,14.51,11.765,0,,,,,,,,,,,,18.039,
2026-09-25T20:35:22.017,73.402,796.5,29,,97.938,17.647,0.5,0.0,1.001,0.994,-0.035,3570,14.51,11.765,0,,,,,,,,,,,,,107
2026-09-25T20:35:22.147,73.533,798.5,29,,97.969,17.647,-0.5,0.0,1.001,0.995,-0.031,3560,14.51,11.765,0,87,,,,,,,,,,,,
2026-09-25T20:35:22.277,73.663,800.0,29,,98.0,17.255,-1.0,0.781,1.001,0.997,-0.027,3570,14.51,11.765,0,,43,,,,,,,,,,,
2026-09-25T20:35:22.407,73.793,793.5,29,,98.0,17.647,0.5,0.0,1.001,0.996,-0.027,3570,14.51,11.765,0,,,6.25,,,,,,,,,,
2026-09-25T20:35:22.537,73.922,795.5,29,,98.031,17.647,0.5,0.781,1.001,0.999,-0.023,3580,14.51,11.765,0,,,,13.925,,,,,,,,,
2026-09-25T20:35:22.666,74.052,800.5,29,,98.0,17.647,-1.5,0.781,1.001,0.999,-0.023,3580,14.51,11.765,0,,,,,98,,,,,,,,
2026-09-25T20:35:22.797,74.182,798.5,29,,98.031,17.647,-1.5,0.781,1.001,1.0,-0.02,3570,14.51,11.765,0,,,,,,16,,,,,,,
2026-09-25T20:35:22.926,74.311,796.5,29,,98.0,17.647,0.0,0.781,1.001,0.999,-0.023,3570,14.51,11.765,0,,,,,,,25.882,,,,,,
2026-09-25T20:35:23.057,74.443,793.25,29,,98.031,17.255,0.5,0.781,1.001,0.999,-0.023,3580,14.51,11.765,0,,,,,,,,304.1,,,,,
2026-09-25T20:35:23.186,74.571,797.0,29,,97.938,17.647,-0.5,0.781,1.001,1.001,-0.02,3580,14.51,11.765,0,,,,,,,,,0.755,,,,
2026-09-25T20:35:23.317,74.702,796.25,29,,97.969,17.647,0.0,0.781,1.001,1.0,-0.02,3580,14.51,11.765,0,,,,,,,,,,,0.0,,
2026-09-25T20:35:23.446,74.832,798.75,29,,98.0,17.647,-0.5,0.781,1.001,0.999,-0.02,3580,14.51,11.765,0,,,,,,,,,,,,18.039,
2026-09-25T20:35:23.578,74.963,801.25,29,,98.0,17.255,-0.5,0.781,1.001,0.999,-0.02,3590,14.51,11.765,0,,,,,,,,,,,,,109
2026-09-25T20:35:23.706,75.091,798.25,29,,97.938,17.647,-1.0,0.781,1.001,1.0,-0.02,3570,14.51,11.765,0,87,,,,,,,,,,,,
2026-09-25T20:35:23.836,75.222,796.75,29,,98.0,17.255,0.5,0.781,1.001,1.0,-0.02,3570,14.51,11.765,0,,43,,,,,,,,,,,
2026-09-25T20:35:23.966,75.352,795.0,29,,97.938,17.647,1.0,0.781,1.001,1.001,-0.02,3570,14.51,11.765,0,,,6.25,,,,,,,,,,
2026-09-25T20:35:24.096,75.482,793.5,29,,98.031,17.647,0.5,0.781,1.001,1.003,-0.016,3590,14.51,11.765,0,,,,13.984,,,,,,,,,
2026-09-25T20:35:24.236,75.622,792.25,29,,98.062,17.647,2.0,0.781,1.001,1.003,-0.016,3590,14.51,11.765,0,,,,,98,,,,,,,,
2026-09-25T20:35:24.366,75.752,792.75,29,,98.031,17.647,1.5,0.781,1.001,1.004,-0.016,3590,14.51,11.765,0,,,,,,16,,,,,,,
2026-09-25T20:35:24.496,75.882,795.5,29,,98.0,17.647,0.5,0.781,1.001,1.003,-0.016,3580,14.51,11.765,0,,,,,,,25.882,,,,,,
2026-09-25T20:35:24.625,76.011,797.75,29,,98.031,17.647,0.0,0.781,1.001,1.002,-0.02,3580,14.51,11.765,0,,,,,,,,304.3,,,,,
2026-09-25T20:35:24.757,76.142,797.5,29,,98.031,17.647,0.5,0.781,1.001,1.001,-0.02,3590,14.51,11.765,0,,,,,,,,,0.75,,,,
